open,close,high,low,volume,begin,ticker
66.3,66.59,67.9,65.71,38279960,2025-06-02,AFLT
66.8,67.24,67.58,66.33,27172470,2025-06-03,AFLT
67.59,65.87,67.59,65.6,29929230,2025-06-04,AFLT
65.63,66.23,66.7,65.04,21988200,2025-06-05,AFLT
66.3,64.55,67.4,64.07,27101200,2025-06-06,AFLT
64.98,65.19,65.25,64.89,1025270,2025-06-07,AFLT
65.13,65.06,65.24,64.7,977990,2025-06-08,AFLT
65.1,65.22,65.7,64.5,18326570,2025-06-09,AFLT
65.23,66.14,66.2,64.59,24169090,2025-06-10,AFLT
66.22,65.86,67.16,65.62,27926880,2025-06-11,AFLT
66.15,64.61,66.38,64.42,10775440,2025-06-13,AFLT
64.71,65.14,65.17,64.71,1302180,2025-06-14,AFLT
65.14,65.25,65.36,64.78,1498690,2025-06-15,AFLT
65.15,63.41,65.99,63.3,25381910,2025-06-16,AFLT
63.42,63.85,64.87,63.07,20469110,2025-06-17,AFLT
64.14,64.93,65.65,63.71,24735900,2025-06-18,AFLT
64.93,64.13,65.4,63.8,26151930,2025-06-19,AFLT
64.16,63.88,64.58,63.54,15741940,2025-06-20,AFLT
63.77,62.59,63.95,62.22,19932270,2025-06-23,AFLT
62.6,65.18,65.19,62.59,43236750,2025-06-24,AFLT
65.25,65.21,65.88,64.67,20781060,2025-06-25,AFLT
65.21,65.07,65.44,64.71,8928370,2025-06-26,AFLT
65.09,66.21,66.37,64.73,12357290,2025-06-27,AFLT
66.25,66.34,66.49,66.15,934060,2025-06-28,AFLT
66.31,66.39,66.64,66.21,1821250,2025-06-29,AFLT
66.39,66.33,66.89,65.78,13132140,2025-06-30,AFLT
66.4,65.51,66.9,64.87,21107170,2025-07-01,AFLT
65.78,65.93,66.1,64.32,24509070,2025-07-02,AFLT
66.04,65.09,66.75,64.8,16535870,2025-07-03,AFLT
64.8,64.44,65.06,63.72,11977930,2025-07-04,AFLT
64.41,64.65,64.8,64.34,493910,2025-07-05,AFLT
64.54,64.57,64.76,64.5,384550,2025-07-06,AFLT
64.2,63.12,64.48,62.85,18967710,2025-07-07,AFLT
63.12,62.56,63.63,62.34,17849790,2025-07-08,AFLT
62.63,62.03,63.2,61.77,16201330,2025-07-09,AFLT
62.41,62.3,62.45,61.0,21216260,2025-07-10,AFLT
62.3,59.17,62.48,58.62,31855440,2025-07-11,AFLT
59.17,59.33,59.56,59.1,1188650,2025-07-12,AFLT
59.29,58.37,59.55,58.0,4374050,2025-07-13,AFLT
58.29,61.24,61.29,57.27,30036450,2025-07-14,AFLT
61.27,60.42,61.77,59.76,16460260,2025-07-15,AFLT
60.44,60.34,61.1,60.1,13699800,2025-07-16,AFLT
60.32,61.93,62.79,60.3,38069890,2025-07-17,AFLT
57.5,60.13,60.24,57.3,32616350,2025-07-18,AFLT
60.13,60.33,60.79,60.07,2482300,2025-07-19,AFLT
60.86,60.71,60.92,60.39,1680570,2025-07-20,AFLT
60.71,59.4,61.05,59.2,27455730,2025-07-21,AFLT
59.4,58.71,59.81,58.43,25331950,2025-07-22,AFLT
58.74,59.25,59.69,58.71,18686870,2025-07-23,AFLT
59.07,59.03,59.47,58.67,9413510,2025-07-24,AFLT
59.1,58.58,59.5,58.34,15065620,2025-07-25,AFLT
58.77,58.86,58.94,58.62,801770,2025-07-26,AFLT
58.86,58.91,58.94,58.74,307270,2025-07-27,AFLT
58.92,56.53,59.05,55.7,110422980,2025-07-28,AFLT
56.59,57.07,57.95,56.08,58364970,2025-07-29,AFLT
57.1,56.88,57.67,56.54,33652040,2025-07-30,AFLT
56.9,56.98,57.24,56.34,20422220,2025-07-31,AFLT
57.06,56.98,57.73,56.6,17980870,2025-08-01,AFLT
57.1,57.18,57.34,56.56,23002040,2025-08-04,AFLT
57.23,57.13,57.4,56.4,24410690,2025-08-05,AFLT
57.24,58.91,59.88,56.66,98572910,2025-08-06,AFLT
59.01,61.27,62.15,58.52,114457050,2025-08-07,AFLT
61.41,63.87,63.99,60.51,64149300,2025-08-08,AFLT
65.06,65.49,66.5,64.32,83765400,2025-08-11,AFLT
65.5,67.85,67.94,64.62,96218750,2025-08-12,AFLT
67.92,68.14,68.89,67.08,75372100,2025-08-13,AFLT
68.2,68.28,68.9,66.7,84465450,2025-08-14,AFLT
68.55,69.27,69.97,67.77,72911650,2025-08-15,AFLT
67.5,67.25,67.88,67.25,16797050,2025-08-16,AFLT
67.25,67.25,67.33,67.25,1103930,2025-08-17,AFLT
66.59,68.8,70.62,65.8,71047310,2025-08-18,AFLT
69.03,67.33,69.23,66.87,58388370,2025-08-19,AFLT
67.44,65.86,67.67,65.5,39845140,2025-08-20,AFLT
65.72,63.32,65.98,62.42,71023390,2025-08-21,AFLT
63.42,63.45,63.84,62.64,43084500,2025-08-22,AFLT
63.45,63.4,63.59,63.22,1358720,2025-08-23,AFLT
63.3,62.92,63.39,62.73,2461650,2025-08-24,AFLT
62.84,61.89,63.03,61.35,38305680,2025-08-25,AFLT
62.19,62.83,63.25,62.0,32086340,2025-08-26,AFLT
62.9,63.5,63.97,62.41,26548260,2025-08-27,AFLT
63.61,62.36,63.83,61.8,26590650,2025-08-28,AFLT
62.74,62.21,62.76,61.56,23658620,2025-08-29,AFLT
62.13,62.31,62.38,61.95,1222180,2025-08-30,AFLT
62.31,62.32,62.53,62.11,1401890,2025-08-31,AFLT
62.35,61.26,62.94,61.2,15437580,2025-09-01,AFLT
61.34,60.38,61.64,59.54,31790630,2025-09-02,AFLT
60.5,61.67,61.85,59.88,31849230,2025-09-03,AFLT
61.7,62.21,62.77,61.37,39336730,2025-09-04,AFLT
62.25,62.11,62.64,61.86,15699850,2025-09-05,AFLT
62.19,61.97,62.24,61.89,832180,2025-09-06,AFLT
62.1,62.16,62.26,61.97,677660,2025-09-07,AFLT
62.19,63.08,63.48,62.05,26170460,2025-09-08,AFLT
44.7,46.69,46.74,44.7,9443080,2025-06-02,ALRS
46.97,47.62,47.88,46.76,8462000,2025-06-03,ALRS
47.82,48.56,49.75,47.64,22689890,2025-06-04,ALRS
48.56,48.37,49.03,47.92,9338560,2025-06-05,ALRS
48.37,46.76,49.6,46.71,15668050,2025-06-06,ALRS
46.6,46.96,47.11,46.6,604910,2025-06-07,ALRS
46.96,46.71,46.97,46.53,421880,2025-06-08,ALRS
46.71,45.9,46.9,45.37,7803670,2025-06-09,ALRS
46.0,45.38,46.3,45.1,7420830,2025-06-10,ALRS
45.38,46.07,46.58,45.11,12408870,2025-06-11,ALRS
46.95,45.27,46.95,45.02,9717430,2025-06-13,ALRS
45.09,45.57,45.58,45.09,880950,2025-06-14,ALRS
45.6,45.55,45.74,45.3,768450,2025-06-15,ALRS
45.55,44.65,45.56,44.51,11231080,2025-06-16,ALRS
44.6,45.33,45.64,44.21,13296060,2025-06-17,ALRS
45.59,45.19,46.13,45.14,8815610,2025-06-18,ALRS
45.25,45.08,45.6,44.73,10169730,2025-06-19,ALRS
45.19,44.65,45.37,44.56,7008250,2025-06-20,ALRS
44.65,44.48,44.9,44.27,8051130,2025-06-23,ALRS
44.51,45.3,45.49,44.33,9212430,2025-06-24,ALRS
45.31,45.67,45.96,44.96,13483430,2025-06-25,ALRS
45.67,45.88,46.32,45.34,7796980,2025-06-26,ALRS
45.97,46.57,46.93,45.58,10618200,2025-06-27,ALRS
46.5,46.52,46.75,46.46,557640,2025-06-28,ALRS
46.5,46.29,46.52,46.21,765590,2025-06-29,ALRS
46.2,47.94,48.5,46.2,26378330,2025-06-30,ALRS
47.9,47.75,48.38,47.38,12326630,2025-07-01,ALRS
47.75,47.54,48.29,47.41,10709110,2025-07-02,ALRS
47.5,46.61,48.2,46.61,10341740,2025-07-03,ALRS
46.66,46.25,46.98,46.02,7449190,2025-07-04,ALRS
46.21,46.24,46.4,46.11,130040,2025-07-05,ALRS
46.09,46.13,46.27,46.06,86970,2025-07-06,ALRS
46.0,45.31,46.13,45.31,5238340,2025-07-07,ALRS
45.25,44.98,45.66,44.83,7749730,2025-07-08,ALRS
44.98,45.04,45.24,44.6,5999710,2025-07-09,ALRS
45.1,45.15,45.78,44.95,9664560,2025-07-10,ALRS
45.16,43.82,45.29,43.76,9470830,2025-07-11,ALRS
43.82,43.92,44.15,43.78,372580,2025-07-12,ALRS
44.01,43.86,44.11,43.68,631890,2025-07-13,ALRS
43.61,45.1,45.21,42.89,16003590,2025-07-14,ALRS
45.31,44.88,45.51,44.85,6723900,2025-07-15,ALRS
44.88,46.23,46.47,44.64,16721940,2025-07-16,ALRS
46.34,45.1,46.44,45.04,10092720,2025-07-17,ALRS
45.1,46.55,46.7,44.89,11593790,2025-07-18,ALRS
46.82,46.46,47.09,46.42,1431390,2025-07-19,ALRS
46.45,46.53,46.85,46.3,1546070,2025-07-20,ALRS
46.55,47.69,47.92,46.42,18702260,2025-07-21,ALRS
47.78,47.78,47.91,47.05,8137550,2025-07-22,ALRS
47.97,47.36,48.34,47.15,12091360,2025-07-23,ALRS
47.36,46.37,47.77,46.0,14965040,2025-07-24,ALRS
46.4,45.42,46.49,45.03,12746870,2025-07-25,ALRS
45.42,45.54,45.6,45.4,488950,2025-07-26,ALRS
45.48,45.39,45.57,45.3,516970,2025-07-27,ALRS
45.5,45.01,46.2,44.81,17917090,2025-07-28,ALRS
44.93,45.3,45.77,44.93,6250290,2025-07-29,ALRS
45.37,45.74,46.07,45.11,7192300,2025-07-30,ALRS
45.75,45.78,46.34,45.64,5327390,2025-07-31,ALRS
45.8,45.2,46.9,44.86,15112180,2025-08-01,ALRS
45.21,45.73,45.83,45.08,5946880,2025-08-04,ALRS
45.79,45.73,46.29,45.33,10210700,2025-08-05,ALRS
45.89,46.35,47.03,45.16,12167680,2025-08-06,ALRS
46.35,47.22,47.9,45.95,17714670,2025-08-07,ALRS
47.4,48.25,48.25,46.97,11496630,2025-08-08,ALRS
48.53,48.14,49.13,47.74,16461170,2025-08-11,ALRS
48.14,49.53,49.64,47.41,30468180,2025-08-12,ALRS
49.6,48.26,49.87,48.14,23657160,2025-08-13,ALRS
48.51,48.76,48.89,47.6,11088070,2025-08-14,ALRS
48.9,49.15,49.58,48.61,11141470,2025-08-15,ALRS
48.53,48.17,48.73,47.9,2436340,2025-08-16,ALRS
48.21,48.15,48.62,48.04,949850,2025-08-17,ALRS
48.28,48.82,49.09,48.02,10631710,2025-08-18,ALRS
49.03,49.06,50.16,48.96,20313040,2025-08-19,ALRS
49.24,48.53,49.48,48.4,6491640,2025-08-20,ALRS
48.51,47.09,48.71,46.95,10518170,2025-08-21,ALRS
47.1,48.27,48.45,46.7,13438110,2025-08-22,ALRS
48.39,48.24,48.4,48.19,261420,2025-08-23,ALRS
48.24,47.93,48.33,47.9,396180,2025-08-24,ALRS
48.1,47.25,48.1,46.82,6863250,2025-08-25,ALRS
47.25,47.37,47.76,47.0,4739660,2025-08-26,ALRS
47.4,49.28,49.99,47.31,64989800,2025-08-27,ALRS
49.27,47.7,49.42,47.33,34642920,2025-08-28,ALRS
47.75,46.98,48.12,46.92,20009620,2025-08-29,ALRS
46.98,47.13,47.38,46.98,819190,2025-08-30,ALRS
47.13,47.04,47.28,46.95,804410,2025-08-31,ALRS
47.0,46.01,47.31,45.86,23535620,2025-09-01,ALRS
46.0,45.73,46.45,45.07,20070280,2025-09-02,ALRS
45.75,46.01,46.11,45.3,15291370,2025-09-03,ALRS
46.13,46.28,46.47,45.86,9291020,2025-09-04,ALRS
46.36,47.04,47.14,46.24,14289150,2025-09-05,ALRS
47.1,47.17,47.42,47.04,1013910,2025-09-06,ALRS
47.19,47.11,47.19,47.04,216020,2025-09-07,ALRS
47.16,47.39,47.57,46.86,7700730,2025-09-08,ALRS
975.2,1008.2,1010.6,972.8,590339,2025-06-02,CHMF
1008.4,1052.2,1053.0,1007.0,1061551,2025-06-03,CHMF
1053.2,1052.2,1074.8,1050.8,1738940,2025-06-04,CHMF
1050.0,1049.2,1066.8,1042.6,866840,2025-06-05,CHMF
1049.2,1016.8,1095.0,1012.4,1655016,2025-06-06,CHMF
1016.8,1026.2,1027.2,1016.8,49704,2025-06-07,CHMF
1021.0,1015.0,1026.0,1003.4,81662,2025-06-08,CHMF
1020.0,987.2,1021.4,979.6,902053,2025-06-09,CHMF
989.2,983.2,994.8,975.4,598871,2025-06-10,CHMF
985.0,987.0,999.4,976.0,511440,2025-06-11,CHMF
991.0,982.4,1004.6,981.8,295459,2025-06-13,CHMF
983.0,990.0,991.6,982.8,37731,2025-06-14,CHMF
989.8,990.0,995.0,986.4,46587,2025-06-15,CHMF
989.6,989.2,1003.4,978.0,763883,2025-06-16,CHMF
989.2,1041.0,1041.2,987.2,1617365,2025-06-17,CHMF
1041.0,1021.2,1050.0,1015.0,1687668,2025-06-18,CHMF
1024.0,1009.8,1028.0,1002.4,1140054,2025-06-19,CHMF
1013.0,1009.8,1021.2,1005.8,624407,2025-06-20,CHMF
1012.2,993.6,1013.6,986.0,728648,2025-06-23,CHMF
992.0,996.6,1001.6,978.4,844066,2025-06-24,CHMF
996.0,1011.8,1016.8,993.2,816089,2025-06-25,CHMF
1009.6,1013.2,1023.0,1009.6,571536,2025-06-26,CHMF
1013.2,1033.0,1033.0,1000.0,870372,2025-06-27,CHMF
1029.8,1030.0,1036.8,1028.4,53489,2025-06-28,CHMF
1030.2,1026.0,1033.0,1023.8,50263,2025-06-29,CHMF
1026.8,1055.6,1066.8,1020.2,1038217,2025-06-30,CHMF
1053.6,1047.6,1069.0,1042.0,1074642,2025-07-01,CHMF
1047.8,1042.0,1055.4,1033.4,612398,2025-07-02,CHMF
1035.2,1063.0,1074.8,1034.4,1098585,2025-07-03,CHMF
1061.0,1040.0,1065.8,1031.0,865275,2025-07-04,CHMF
1038.8,1038.4,1044.0,1035.6,51696,2025-07-05,CHMF
1038.2,1040.4,1040.4,1036.4,12998,2025-07-06,CHMF
1039.2,1011.8,1039.4,1007.4,806759,2025-07-07,CHMF
1011.8,998.2,1017.6,992.0,685924,2025-07-08,CHMF
999.0,1010.2,1014.0,994.0,704545,2025-07-09,CHMF
1013.8,1002.6,1021.8,999.0,646270,2025-07-10,CHMF
1000.8,983.6,1005.0,980.8,696265,2025-07-11,CHMF
987.0,991.0,992.8,984.2,37618,2025-07-12,CHMF
992.4,984.2,992.4,976.6,73946,2025-07-13,CHMF
985.8,1016.4,1022.8,970.0,828204,2025-07-14,CHMF
1020.0,1030.4,1038.6,1017.2,764146,2025-07-15,CHMF
1030.8,1034.0,1045.6,1030.4,517341,2025-07-16,CHMF
1034.0,1020.2,1040.6,1018.0,499905,2025-07-17,CHMF
1018.0,1040.6,1057.0,1017.0,1961130,2025-07-18,CHMF
1041.0,1042.8,1051.0,1038.0,172333,2025-07-19,CHMF
1046.0,1045.0,1047.6,1040.8,83220,2025-07-20,CHMF
1042.6,1042.6,1054.0,1026.4,1629619,2025-07-21,CHMF
1040.0,1061.2,1072.4,1035.6,1268300,2025-07-22,CHMF
1061.0,1040.0,1066.2,1035.2,1095120,2025-07-23,CHMF
1040.2,1031.8,1045.6,1015.8,1215570,2025-07-24,CHMF
1029.0,1008.6,1037.6,1006.0,900206,2025-07-25,CHMF
1013.2,1012.4,1013.2,1009.0,24624,2025-07-26,CHMF
1012.4,1009.2,1014.4,1006.8,27164,2025-07-27,CHMF
1010.0,1003.2,1024.0,999.0,906810,2025-07-28,CHMF
1001.6,1001.4,1014.4,999.0,598926,2025-07-29,CHMF
1001.0,993.0,1008.2,991.0,532593,2025-07-30,CHMF
995.0,998.2,1003.2,992.4,439912,2025-07-31,CHMF
999.0,996.4,1011.8,991.4,460872,2025-08-01,CHMF
998.8,1003.6,1008.8,996.8,452206,2025-08-04,CHMF
1004.2,1013.8,1024.6,999.2,942290,2025-08-05,CHMF
1015.4,1027.4,1037.4,1000.0,1072118,2025-08-06,CHMF
1023.4,1039.2,1057.0,1020.0,1325346,2025-08-07,CHMF
1039.2,1073.8,1074.0,1023.0,1421709,2025-08-08,CHMF
1080.6,1129.0,1147.6,1080.6,4025168,2025-08-11,CHMF
1133.8,1105.2,1133.8,1097.0,2188186,2025-08-12,CHMF
1108.8,1092.0,1116.6,1083.6,898288,2025-08-13,CHMF
1095.0,1118.0,1122.8,1087.4,1201478,2025-08-14,CHMF
1118.8,1120.2,1125.8,1111.4,788560,2025-08-15,CHMF
1099.0,1092.0,1099.2,1087.4,251233,2025-08-16,CHMF
1095.0,1087.4,1095.0,1087.4,62414,2025-08-17,CHMF
1085.4,1114.0,1117.0,1075.4,1932137,2025-08-18,CHMF
1114.0,1116.4,1130.8,1102.2,1544916,2025-08-19,CHMF
1116.4,1105.0,1119.8,1095.4,596530,2025-08-20,CHMF
1102.4,1065.0,1107.6,1057.0,1259833,2025-08-21,CHMF
1066.0,1066.6,1074.0,1055.2,755025,2025-08-22,CHMF
1066.6,1071.0,1071.6,1066.6,21463,2025-08-23,CHMF
1069.6,1066.0,1071.4,1063.8,27184,2025-08-24,CHMF
1065.4,1068.0,1071.6,1053.0,865613,2025-08-25,CHMF
1068.0,1077.0,1080.4,1066.8,537325,2025-08-26,CHMF
1079.6,1100.2,1105.2,1075.6,581431,2025-08-27,CHMF
1100.4,1070.6,1101.6,1061.2,752022,2025-08-28,CHMF
1072.8,1061.0,1084.0,1057.2,682749,2025-08-29,CHMF
1061.0,1062.0,1064.4,1060.2,23721,2025-08-30,CHMF
1062.2,1063.4,1064.6,1060.6,31089,2025-08-31,CHMF
1064.4,1057.6,1079.2,1053.6,750788,2025-09-01,CHMF
1061.2,1046.8,1079.2,1035.8,1481197,2025-09-02,CHMF
1047.0,1066.0,1066.0,1038.0,637114,2025-09-03,CHMF
1066.0,1064.6,1070.6,1048.8,457586,2025-09-04,CHMF
1065.2,1072.6,1075.8,1062.6,396371,2025-09-05,CHMF
1072.6,1069.2,1074.6,1069.0,15270,2025-09-06,CHMF
1069.8,1074.2,1074.4,1065.0,38711,2025-09-07,CHMF
1074.0,1080.2,1081.8,1066.8,686633,2025-09-08,CHMF
127.4,129.87,131.68,126.8,113701680,2025-06-02,GAZP
130.05,130.56,131.18,128.64,56516870,2025-06-03,GAZP
130.57,129.58,132.43,128.72,76519600,2025-06-04,GAZP
129.9,129.48,130.46,128.91,39116740,2025-06-05,GAZP
129.4,125.56,132.4,125.51,112797100,2025-06-06,GAZP
125.67,126.17,126.5,125.67,4185540,2025-06-07,GAZP
126.18,125.4,126.27,124.81,5538230,2025-06-08,GAZP
125.6,123.5,126.1,122.67,58367100,2025-06-09,GAZP
123.88,122.8,124.27,121.85,47777960,2025-06-10,GAZP
123.06,122.84,123.59,122.22,29945840,2025-06-11,GAZP
124.1,123.39,124.49,123.06,20278100,2025-06-13,GAZP
123.85,125.5,125.52,123.57,9766920,2025-06-14,GAZP
126.26,125.15,126.75,123.59,14726220,2025-06-15,GAZP
125.7,123.05,125.85,122.66,36743120,2025-06-16,GAZP
123.18,127.17,128.0,122.68,70981050,2025-06-17,GAZP
127.44,126.67,127.87,125.51,51366530,2025-06-18,GAZP
126.94,125.92,127.35,125.0,47831440,2025-06-19,GAZP
125.82,124.27,126.66,123.4,46445250,2025-06-20,GAZP
124.88,124.28,125.82,123.51,42578240,2025-06-23,GAZP
124.25,125.13,125.4,122.86,39648080,2025-06-24,GAZP
125.01,126.35,126.99,124.53,42176260,2025-06-25,GAZP
126.4,126.69,128.24,125.43,36709800,2025-06-26,GAZP
126.76,127.59,128.19,125.57,53371930,2025-06-27,GAZP
127.62,127.48,128.15,127.2,3494040,2025-06-28,GAZP
127.4,127.1,128.0,126.73,5101930,2025-06-29,GAZP
127.08,129.89,130.55,126.3,65986930,2025-06-30,GAZP
129.98,128.26,131.17,127.9,53430410,2025-07-01,GAZP
128.45,127.11,129.2,126.26,45445110,2025-07-02,GAZP
127.12,127.85,129.4,126.3,48314630,2025-07-03,GAZP
127.39,127.83,128.8,126.6,35326400,2025-07-04,GAZP
127.72,127.7,127.91,127.41,896090,2025-07-05,GAZP
127.53,127.53,127.78,127.31,835850,2025-07-06,GAZP
127.83,124.02,127.83,123.33,49760980,2025-07-07,GAZP
123.7,121.03,124.7,120.89,48836530,2025-07-08,GAZP
121.02,119.67,122.16,118.11,59248710,2025-07-09,GAZP
120.0,120.32,121.42,119.37,37475380,2025-07-10,GAZP
120.33,116.24,120.59,116.02,61242280,2025-07-11,GAZP
116.39,116.69,116.9,116.26,3068580,2025-07-12,GAZP
116.9,116.37,116.9,115.0,8661120,2025-07-13,GAZP
116.24,122.3,122.5,115.15,92914450,2025-07-14,GAZP
122.5,121.63,122.8,121.17,41481520,2025-07-15,GAZP
121.79,122.83,123.8,120.85,55391840,2025-07-16,GAZP
122.85,120.8,123.6,120.63,38041300,2025-07-17,GAZP
120.76,126.75,126.85,120.11,90816870,2025-07-18,GAZP
126.76,128.21,129.58,126.58,15567430,2025-07-19,GAZP
129.39,128.23,129.81,127.77,7479500,2025-07-20,GAZP
128.39,128.34,128.89,126.67,50912780,2025-07-21,GAZP
128.15,129.07,129.63,127.3,44261960,2025-07-22,GAZP
129.1,129.2,130.3,128.8,50133820,2025-07-23,GAZP
129.01,128.04,129.69,127.01,32916610,2025-07-24,GAZP
128.25,126.5,129.15,125.67,56385550,2025-07-25,GAZP
126.63,126.44,126.82,126.19,1929200,2025-07-26,GAZP
126.25,125.87,126.42,125.8,1849900,2025-07-27,GAZP
126.05,122.86,126.05,122.02,65986270,2025-07-28,GAZP
123.28,122.69,123.91,122.05,39206960,2025-07-29,GAZP
122.7,121.34,122.89,121.0,27774960,2025-07-30,GAZP
121.48,122.57,122.84,120.7,28338610,2025-07-31,GAZP
123.01,121.63,124.84,120.12,48907340,2025-08-01,GAZP
122.33,125.94,126.05,121.75,65248890,2025-08-04,GAZP
125.9,125.98,126.82,124.8,49613660,2025-08-05,GAZP
126.29,130.11,132.9,123.73,186385460,2025-08-06,GAZP
130.2,134.24,136.0,129.4,295955340,2025-08-07,GAZP
134.74,141.16,141.58,132.6,211552510,2025-08-08,GAZP
144.1,140.0,144.4,137.9,190876130,2025-08-11,GAZP
140.0,140.8,141.43,138.52,77423880,2025-08-12,GAZP
141.0,139.39,141.94,138.95,95113520,2025-08-13,GAZP
139.37,140.26,140.79,137.16,106670580,2025-08-14,GAZP
140.4,142.53,143.45,139.67,117191480,2025-08-15,GAZP
138.14,138.14,138.85,138.14,37095400,2025-08-16,GAZP
138.14,138.14,138.14,138.14,1755120,2025-08-17,GAZP
136.4,139.5,141.98,135.69,151934350,2025-08-18,GAZP
140.5,137.81,140.8,136.88,101884930,2025-08-19,GAZP
137.82,135.31,138.44,134.7,76288910,2025-08-20,GAZP
135.21,131.13,135.48,130.34,117557300,2025-08-21,GAZP
131.15,132.57,132.73,130.38,63726330,2025-08-22,GAZP
132.56,132.76,132.9,132.39,2851100,2025-08-23,GAZP
132.59,132.13,132.83,131.61,4995600,2025-08-24,GAZP
132.13,132.38,132.77,129.7,58964710,2025-08-25,GAZP
132.24,133.69,134.44,132.1,56329870,2025-08-26,GAZP
133.32,135.51,136.26,132.83,63420020,2025-08-27,GAZP
135.86,133.25,135.89,131.52,76666090,2025-08-28,GAZP
133.7,135.88,136.47,131.89,93599280,2025-08-29,GAZP
135.86,135.64,136.28,135.15,8299500,2025-08-30,GAZP
135.69,136.37,136.47,135.68,8944320,2025-08-31,GAZP
136.37,134.91,137.45,133.85,53861360,2025-09-01,GAZP
135.03,132.18,136.41,130.45,122662420,2025-09-02,GAZP
132.34,132.18,132.68,130.68,48140000,2025-09-03,GAZP
132.17,130.8,132.59,129.83,57063950,2025-09-04,GAZP
131.0,131.87,132.5,130.91,39869800,2025-09-05,GAZP
132.0,131.92,132.17,131.6,2030260,2025-09-06,GAZP
131.92,132.3,132.57,131.75,2608750,2025-09-07,GAZP
132.33,133.48,134.0,131.95,43684950,2025-09-08,GAZP
103.3,105.68,106.46,103.02,13031300,2025-06-02,GMKN
105.68,110.4,110.42,105.68,17815500,2025-06-03,GMKN
110.4,111.38,113.36,109.58,29168310,2025-06-04,GMKN
111.38,109.82,112.4,109.02,14332730,2025-06-05,GMKN
109.5,108.2,112.86,108.2,25141690,2025-06-06,GMKN
108.2,108.48,108.72,108.2,532450,2025-06-07,GMKN
108.48,107.68,108.68,107.1,1040710,2025-06-08,GMKN
107.8,110.7,111.2,106.6,32359310,2025-06-09,GMKN
111.0,106.24,111.92,105.62,37370160,2025-06-10,GMKN
106.38,106.8,108.46,104.56,23136040,2025-06-11,GMKN
107.04,105.5,108.14,104.82,7713420,2025-06-13,GMKN
105.52,106.16,106.3,105.5,1240270,2025-06-14,GMKN
106.32,106.18,106.66,105.42,1037710,2025-06-15,GMKN
106.18,104.42,106.22,104.1,11121300,2025-06-16,GMKN
104.6,107.52,107.98,103.66,16389770,2025-06-17,GMKN
107.52,107.28,108.6,106.26,12430340,2025-06-18,GMKN
107.38,106.72,108.36,105.0,15862850,2025-06-19,GMKN
106.98,104.5,107.2,104.48,9068350,2025-06-20,GMKN
104.7,103.9,105.3,102.7,14308720,2025-06-23,GMKN
103.96,104.98,105.26,103.22,12891790,2025-06-24,GMKN
105.2,107.18,107.5,105.02,14962880,2025-06-25,GMKN
107.62,110.4,110.68,107.3,29917830,2025-06-26,GMKN
110.5,111.58,111.58,109.56,29920600,2025-06-27,GMKN
111.78,111.4,111.96,111.2,961120,2025-06-28,GMKN
111.28,111.06,111.6,111.06,1050370,2025-06-29,GMKN
111.28,111.22,112.62,109.78,28623560,2025-06-30,GMKN
111.42,110.48,112.82,110.0,28611490,2025-07-01,GMKN
110.7,112.02,112.46,110.2,22139480,2025-07-02,GMKN
112.0,109.4,112.7,108.82,31165150,2025-07-03,GMKN
109.38,109.48,110.5,108.08,17264540,2025-07-04,GMKN
109.68,109.38,109.7,109.22,208420,2025-07-05,GMKN
109.38,109.02,109.38,108.74,329880,2025-07-06,GMKN
109.02,106.4,109.1,106.36,13620190,2025-07-07,GMKN
106.38,103.72,107.7,103.1,26470470,2025-07-08,GMKN
103.72,104.16,104.7,102.2,27255480,2025-07-09,GMKN
104.22,104.42,105.42,103.12,13092960,2025-07-10,GMKN
104.6,101.5,104.88,101.08,17065580,2025-07-11,GMKN
101.96,102.0,102.44,101.5,887360,2025-07-12,GMKN
101.98,101.74,102.18,100.86,1395090,2025-07-13,GMKN
101.58,109.26,109.52,100.62,51537570,2025-07-14,GMKN
109.52,110.1,110.9,108.76,29616940,2025-07-15,GMKN
110.1,110.04,112.3,109.04,32044850,2025-07-16,GMKN
110.36,108.68,111.18,108.46,17973090,2025-07-17,GMKN
108.68,115.36,115.44,108.1,50155960,2025-07-18,GMKN
115.36,117.3,118.84,114.8,8765640,2025-07-19,GMKN
118.18,117.4,118.46,117.02,2589590,2025-07-20,GMKN
117.0,116.54,118.14,114.74,31277080,2025-07-21,GMKN
116.46,119.5,120.1,115.46,28885100,2025-07-22,GMKN
119.52,118.24,120.76,117.42,23881490,2025-07-23,GMKN
118.18,118.26,119.38,117.48,17217360,2025-07-24,GMKN
118.46,114.68,118.9,113.2,30439060,2025-07-25,GMKN
114.68,114.46,114.9,114.06,685470,2025-07-26,GMKN
114.44,114.3,114.6,114.0,457380,2025-07-27,GMKN
114.08,117.0,117.68,113.42,45130920,2025-07-28,GMKN
117.06,122.9,123.32,116.14,75496420,2025-07-29,GMKN
122.9,119.46,123.2,119.16,34012110,2025-07-30,GMKN
119.76,120.86,121.6,117.82,29053530,2025-07-31,GMKN
121.38,120.12,121.9,118.7,14524970,2025-08-01,GMKN
119.54,120.68,121.96,118.42,14248820,2025-08-04,GMKN
121.04,122.16,122.36,120.12,11836210,2025-08-05,GMKN
122.4,123.7,126.48,119.7,37809550,2025-08-06,GMKN
123.7,125.5,127.8,122.92,37266360,2025-08-07,GMKN
126.0,128.3,128.8,124.1,20464710,2025-08-08,GMKN
130.0,128.1,130.96,126.9,30705820,2025-08-11,GMKN
128.2,128.2,128.68,126.54,12096860,2025-08-12,GMKN
128.32,128.2,129.5,127.58,13315860,2025-08-13,GMKN
127.72,131.46,131.64,127.08,25471320,2025-08-14,GMKN
131.64,130.58,132.64,130.1,26485210,2025-08-15,GMKN
128.84,126.98,128.84,126.6,6220990,2025-08-16,GMKN
127.02,126.6,127.18,126.6,1579670,2025-08-17,GMKN
126.38,129.88,131.4,125.44,21130310,2025-08-18,GMKN
130.02,128.34,131.0,127.8,17584330,2025-08-19,GMKN
128.34,125.72,129.08,125.3,12848720,2025-08-20,GMKN
125.72,121.8,126.12,121.5,22046210,2025-08-21,GMKN
121.96,122.94,124.52,120.98,15463050,2025-08-22,GMKN
123.02,123.1,123.3,122.92,305490,2025-08-23,GMKN
123.1,122.12,123.38,121.94,630270,2025-08-24,GMKN
121.88,123.42,123.66,120.0,12455480,2025-08-25,GMKN
123.5,122.96,125.16,121.86,10236960,2025-08-26,GMKN
123.0,127.1,127.54,122.16,17141350,2025-08-27,GMKN
127.16,124.32,127.16,123.84,15706360,2025-08-28,GMKN
124.52,125.44,125.78,124.0,8749820,2025-08-29,GMKN
125.44,125.18,125.68,125.04,403460,2025-08-30,GMKN
125.2,125.48,125.9,125.18,567190,2025-08-31,GMKN
125.54,123.2,126.58,122.7,7441570,2025-09-01,GMKN
123.18,123.36,123.86,121.22,11377110,2025-09-02,GMKN
123.3,124.88,125.3,122.08,9821960,2025-09-03,GMKN
124.96,124.7,125.7,123.34,11231580,2025-09-04,GMKN
124.8,126.0,126.24,123.5,10554290,2025-09-05,GMKN
126.0,126.14,126.32,125.7,321620,2025-09-06,GMKN
126.0,126.6,127.0,126.0,859260,2025-09-07,GMKN
126.5,129.18,129.28,125.66,13595130,2025-09-08,GMKN
6719.0,6834.0,6834.0,6690.0,1415868,2025-06-02,LKOH
6360.0,6473.0,6497.5,6350.0,1793592,2025-06-03,LKOH
6473.0,6431.5,6487.5,6422.0,704634,2025-06-04,LKOH
6448.0,6453.0,6472.0,6437.5,423557,2025-06-05,LKOH
6454.0,6344.5,6545.0,6330.0,1085870,2025-06-06,LKOH
6345.0,6362.5,6383.0,6345.0,35489,2025-06-07,LKOH
6364.0,6352.0,6372.5,6334.0,50081,2025-06-08,LKOH
6350.0,6249.0,6371.0,6221.5,591421,2025-06-09,LKOH
6272.0,6195.5,6283.0,6138.0,711261,2025-06-10,LKOH
6195.5,6173.5,6231.5,6145.0,548759,2025-06-11,LKOH
6291.0,6380.0,6384.0,6227.5,1395364,2025-06-13,LKOH
6414.0,6466.0,6485.0,6405.5,270475,2025-06-14,LKOH
6535.0,6431.0,6568.5,6350.0,629286,2025-06-15,LKOH
6429.0,6269.0,6433.0,6250.0,884455,2025-06-16,LKOH
6274.5,6408.0,6430.0,6238.0,931235,2025-06-17,LKOH
6420.0,6383.5,6428.0,6350.5,622260,2025-06-18,LKOH
6385.5,6336.0,6409.0,6311.5,832038,2025-06-19,LKOH
6322.5,6281.0,6358.5,6260.0,474471,2025-06-20,LKOH
6388.5,6242.0,6390.0,6230.0,881606,2025-06-23,LKOH
6245.0,6208.5,6247.5,6110.0,895184,2025-06-24,LKOH
6218.5,6236.5,6268.5,6185.5,460327,2025-06-25,LKOH
6250.0,6205.5,6258.0,6202.0,310907,2025-06-26,LKOH
6216.0,6274.0,6289.5,6186.5,566188,2025-06-27,LKOH
6275.0,6272.0,6293.0,6272.0,27884,2025-06-28,LKOH
6272.0,6252.5,6277.0,6250.0,28658,2025-06-29,LKOH
6252.5,6307.5,6336.0,6225.0,586191,2025-06-30,LKOH
6325.0,6306.0,6348.0,6291.0,469849,2025-07-01,LKOH
6318.0,6234.0,6327.0,6186.0,686614,2025-07-02,LKOH
6240.0,6138.0,6244.0,6127.5,823226,2025-07-03,LKOH
6131.0,6151.5,6178.0,6089.0,892097,2025-07-04,LKOH
6151.5,6154.5,6165.0,6127.0,29549,2025-07-05,LKOH
6154.5,6145.5,6155.0,6140.0,13250,2025-07-06,LKOH
6144.5,6110.5,6158.0,6100.0,371232,2025-07-07,LKOH
6105.0,6013.0,6122.0,6000.0,771812,2025-07-08,LKOH
6013.0,5934.0,6223.0,5886.5,1283003,2025-07-09,LKOH
5944.0,5932.5,5967.0,5903.0,476900,2025-07-10,LKOH
5932.0,5737.5,5941.5,5706.0,1173251,2025-07-11,LKOH
5740.5,5765.0,5789.0,5740.0,55401,2025-07-12,LKOH
5765.0,5744.5,5787.0,5710.5,71916,2025-07-13,LKOH
5713.5,5933.0,5946.5,5626.0,1492664,2025-07-14,LKOH
5937.0,5913.5,5980.0,5904.0,638520,2025-07-15,LKOH
5916.0,5943.0,5974.5,5887.0,627174,2025-07-16,LKOH
5943.0,5925.5,6009.0,5910.5,610953,2025-07-17,LKOH
5925.5,6114.5,6115.0,5909.0,761806,2025-07-18,LKOH
6128.0,6168.0,6194.5,6120.0,108072,2025-07-19,LKOH
6170.0,6178.5,6195.0,6161.5,37646,2025-07-20,LKOH
6178.5,6170.0,6219.0,6151.0,577592,2025-07-21,LKOH
6170.0,6196.5,6210.0,6127.0,452398,2025-07-22,LKOH
6197.0,6190.0,6249.5,6190.0,481180,2025-07-23,LKOH
6177.0,6169.0,6216.0,6150.5,344760,2025-07-24,LKOH
6169.0,6074.5,6196.5,6050.0,668285,2025-07-25,LKOH
6095.0,6098.0,6110.0,6091.0,24384,2025-07-26,LKOH
6097.0,6078.5,6101.0,6074.0,18403,2025-07-27,LKOH
6076.0,5981.5,6118.0,5969.0,747912,2025-07-28,LKOH
5993.0,6005.0,6030.5,5955.0,470750,2025-07-29,LKOH
6005.0,5925.5,6026.0,5902.0,495343,2025-07-30,LKOH
5925.0,5922.0,5968.5,5870.5,467390,2025-07-31,LKOH
5930.0,5910.5,5948.0,5888.0,418382,2025-08-01,LKOH
5924.0,6097.5,6099.0,5924.0,849201,2025-08-04,LKOH
6083.5,6081.0,6110.5,6034.5,578750,2025-08-05,LKOH
6083.0,6170.0,6250.0,5985.0,1159821,2025-08-06,LKOH
6169.0,6202.5,6296.0,6111.5,1372471,2025-08-07,LKOH
6224.0,6320.0,6331.5,6179.5,680073,2025-08-08,LKOH
6355.0,6336.5,6430.0,6319.0,790467,2025-08-11,LKOH
6356.5,6385.0,6396.0,6291.5,422948,2025-08-12,LKOH
6385.0,6336.0,6395.0,6322.0,463900,2025-08-13,LKOH
6336.0,6387.0,6403.5,6283.0,533809,2025-08-14,LKOH
6401.0,6444.0,6475.0,6380.5,556602,2025-08-15,LKOH
6393.0,6360.0,6393.0,6275.0,231216,2025-08-16,LKOH
6360.0,6337.5,6363.0,6315.5,51592,2025-08-17,LKOH
6334.0,6420.0,6491.5,6321.0,540469,2025-08-18,LKOH
6420.0,6365.0,6439.5,6340.0,421125,2025-08-19,LKOH
6365.5,6311.5,6382.0,6300.0,324176,2025-08-20,LKOH
6311.5,6249.0,6342.5,6234.0,445332,2025-08-21,LKOH
6249.0,6326.0,6340.0,6237.5,456464,2025-08-22,LKOH
6326.0,6317.0,6340.0,6300.0,16358,2025-08-23,LKOH
6318.0,6301.0,6324.0,6284.0,21795,2025-08-24,LKOH
6298.0,6275.5,6311.0,6223.0,340483,2025-08-25,LKOH
6283.0,6280.0,6315.0,6255.5,334709,2025-08-26,LKOH
6281.0,6323.0,6329.5,6272.0,272509,2025-08-27,LKOH
6328.0,6273.5,6343.5,6250.0,326001,2025-08-28,LKOH
6280.5,6430.5,6595.0,6235.0,3635668,2025-08-29,LKOH
6443.5,6429.0,6444.0,6423.5,37856,2025-08-30,LKOH
6430.5,6445.0,6446.0,6427.5,31405,2025-08-31,LKOH
6446.0,6370.0,6459.0,6352.5,537367,2025-09-01,LKOH
6368.5,6336.5,6374.0,6282.5,519787,2025-09-02,LKOH
6336.5,6393.0,6405.5,6310.0,450714,2025-09-03,LKOH
6399.0,6464.0,6487.5,6371.5,761386,2025-09-04,LKOH
6470.0,6472.0,6498.0,6450.5,482370,2025-09-05,LKOH
6472.0,6476.5,6483.0,6463.0,20152,2025-09-06,LKOH
6476.0,6484.5,6486.0,6463.0,22291,2025-09-07,LKOH
6477.0,6465.0,6508.5,6440.0,416173,2025-09-08,LKOH
30.18,31.3,31.485,30.03,14409520,2025-06-02,MAGN
31.395,32.18,32.26,31.24,19541340,2025-06-03,MAGN
32.37,32.955,33.65,32.2,59762900,2025-06-04,MAGN
32.96,32.76,33.43,32.53,36819850,2025-06-05,MAGN
32.84,31.405,33.75,31.33,42217670,2025-06-06,MAGN
31.68,31.695,31.86,31.53,1701450,2025-06-07,MAGN
31.62,31.2,31.735,30.93,3867300,2025-06-08,MAGN
31.125,30.65,31.495,30.54,19899470,2025-06-09,MAGN
30.71,30.745,31.155,30.375,16530790,2025-06-10,MAGN
30.84,31.515,31.57,30.525,17847360,2025-06-11,MAGN
31.595,31.36,32.04,31.265,8397800,2025-06-13,MAGN
31.29,31.78,32.0,31.29,1511190,2025-06-14,MAGN
31.78,31.81,31.985,31.61,1196130,2025-06-15,MAGN
31.9,31.275,31.945,31.015,16442340,2025-06-16,MAGN
31.255,32.66,32.805,31.025,38091570,2025-06-17,MAGN
32.595,32.265,32.92,32.02,22776790,2025-06-18,MAGN
32.37,31.8,32.49,31.535,15955280,2025-06-19,MAGN
31.715,31.615,32.17,31.405,13142480,2025-06-20,MAGN
31.64,31.495,32.16,30.91,27737860,2025-06-23,MAGN
31.5,31.175,31.71,30.86,18521050,2025-06-24,MAGN
31.1,31.95,32.035,31.04,20048980,2025-06-25,MAGN
31.95,32.485,32.74,31.69,32885920,2025-06-26,MAGN
32.5,33.145,33.245,31.93,27573650,2025-06-27,MAGN
33.13,33.03,33.295,32.9,2099480,2025-06-28,MAGN
33.05,32.99,33.175,32.835,2446750,2025-06-29,MAGN
33.005,34.33,34.455,32.905,38096290,2025-06-30,MAGN
34.33,33.86,34.985,33.75,46138490,2025-07-01,MAGN
33.805,33.8,34.07,33.21,31108990,2025-07-02,MAGN
33.8,34.05,34.94,33.71,24704790,2025-07-03,MAGN
33.995,33.655,34.3,33.35,21217620,2025-07-04,MAGN
33.885,33.625,33.885,33.55,648750,2025-07-05,MAGN
33.62,33.535,33.62,33.435,377550,2025-07-06,MAGN
33.5,32.675,33.5,32.67,16085920,2025-07-07,MAGN
32.675,32.515,33.23,32.21,31771670,2025-07-08,MAGN
32.41,33.205,33.36,32.41,27091390,2025-07-09,MAGN
33.4,32.37,33.74,32.245,36608220,2025-07-10,MAGN
32.48,31.35,32.48,31.3,25378890,2025-07-11,MAGN
31.4,31.68,31.955,31.39,1286940,2025-07-12,MAGN
31.68,31.37,31.77,31.135,1586310,2025-07-13,MAGN
31.25,32.65,32.875,31.005,26544400,2025-07-14,MAGN
32.7,33.01,33.275,32.61,16710010,2025-07-15,MAGN
33.1,33.0,33.5,32.7,29104890,2025-07-16,MAGN
33.0,32.97,33.375,32.7,18668580,2025-07-17,MAGN
32.935,34.805,34.825,32.87,35664560,2025-07-18,MAGN
34.885,34.985,35.5,34.845,5787130,2025-07-19,MAGN
35.25,35.085,35.26,34.965,1519030,2025-07-20,MAGN
35.005,34.66,35.42,34.5,26622960,2025-07-21,MAGN
34.63,34.765,34.88,34.175,22923040,2025-07-22,MAGN
34.8,34.24,35.1,34.07,22290170,2025-07-23,MAGN
34.185,33.39,34.45,32.94,63653530,2025-07-24,MAGN
33.5,32.815,33.5,32.55,32614300,2025-07-25,MAGN
32.815,32.82,32.945,32.75,731580,2025-07-26,MAGN
32.82,32.725,32.875,32.67,1110790,2025-07-27,MAGN
32.65,32.605,33.3,32.405,24534820,2025-07-28,MAGN
32.545,32.49,32.925,32.215,17434760,2025-07-29,MAGN
32.49,32.395,32.85,32.3,12159140,2025-07-30,MAGN
32.38,32.89,32.93,32.345,11937490,2025-07-31,MAGN
32.93,32.805,33.3,32.595,12313080,2025-08-01,MAGN
32.935,33.095,33.11,32.655,10995530,2025-08-04,MAGN
33.13,33.325,33.435,32.825,15560800,2025-08-05,MAGN
33.4,33.675,34.005,32.86,29811820,2025-08-06,MAGN
33.795,34.36,34.675,33.355,28351070,2025-08-07,MAGN
34.49,35.33,35.52,33.94,23704950,2025-08-08,MAGN
35.45,37.065,37.525,35.45,63957750,2025-08-11,MAGN
37.04,35.915,37.05,35.645,60136100,2025-08-12,MAGN
35.9,35.425,36.22,35.32,38104530,2025-08-13,MAGN
35.5,36.145,36.17,35.205,35216300,2025-08-14,MAGN
36.185,35.97,36.32,35.605,46624900,2025-08-15,MAGN
35.0,34.835,35.265,34.82,7581390,2025-08-16,MAGN
34.86,34.825,34.95,34.82,1728250,2025-08-17,MAGN
34.825,35.6,35.86,34.635,30601970,2025-08-18,MAGN
35.82,35.54,36.08,35.235,20271540,2025-08-19,MAGN
35.54,34.705,35.625,34.45,21319540,2025-08-20,MAGN
34.705,33.7,34.735,33.31,29652870,2025-08-21,MAGN
33.7,33.88,34.085,33.405,22717290,2025-08-22,MAGN
33.99,34.04,34.09,33.885,1093820,2025-08-23,MAGN
34.085,33.98,34.085,33.91,692960,2025-08-24,MAGN
33.98,33.77,34.015,33.33,11889530,2025-08-25,MAGN
33.745,33.905,34.11,33.65,9974120,2025-08-26,MAGN
33.905,34.34,34.56,33.78,16750560,2025-08-27,MAGN
34.395,33.73,34.43,33.505,13374670,2025-08-28,MAGN
33.745,33.525,33.99,33.4,9242880,2025-08-29,MAGN
33.525,33.575,33.675,33.43,562730,2025-08-30,MAGN
33.58,33.64,33.67,33.43,1011800,2025-08-31,MAGN
33.65,33.085,33.835,33.005,15267100,2025-09-01,MAGN
33.15,32.655,33.185,32.17,25822150,2025-09-02,MAGN
32.715,33.2,33.275,32.36,20404240,2025-09-03,MAGN
33.205,33.21,33.355,32.895,15295730,2025-09-04,MAGN
33.22,33.265,33.42,33.075,10676390,2025-09-05,MAGN
33.35,33.265,33.35,33.22,348290,2025-09-06,MAGN
33.285,33.315,33.325,33.2,862300,2025-09-07,MAGN
33.31,33.77,33.85,33.205,12792430,2025-09-08,MAGN
3774.0,3832.5,3866.0,3703.0,236932,2025-06-02,MGNT
3849.5,3925.5,3926.5,3834.0,293164,2025-06-03,MGNT
3930.0,3925.0,3997.0,3923.0,389661,2025-06-04,MGNT
3925.0,3948.0,3973.5,3910.0,137097,2025-06-05,MGNT
3951.5,3897.5,4055.0,3893.0,707301,2025-06-06,MGNT
3899.0,3894.0,3918.0,3873.5,19653,2025-06-07,MGNT
3895.0,3878.5,3902.0,3877.0,11406,2025-06-08,MGNT
3879.0,3759.0,3897.0,3727.0,467948,2025-06-09,MGNT
3763.0,3706.5,3780.0,3700.0,259552,2025-06-10,MGNT
3707.0,3694.0,3735.0,3680.0,180343,2025-06-11,MGNT
3714.0,3697.5,3728.0,3691.5,85643,2025-06-13,MGNT
3703.0,3710.5,3718.0,3698.0,17301,2025-06-14,MGNT
3711.0,3728.0,3736.0,3702.0,24872,2025-06-15,MGNT
3730.5,3669.5,3748.0,3661.0,230228,2025-06-16,MGNT
3665.0,3694.5,3719.5,3627.0,274915,2025-06-17,MGNT
3691.5,3670.0,3727.5,3667.0,205550,2025-06-18,MGNT
3669.5,3676.0,3695.0,3655.5,171903,2025-06-19,MGNT
3683.5,3614.5,3685.5,3606.0,258593,2025-06-20,MGNT
3627.0,3566.0,3627.0,3558.0,336890,2025-06-23,MGNT
3558.5,3576.0,3589.0,3539.0,242904,2025-06-24,MGNT
3578.0,3620.5,3640.0,3576.0,341376,2025-06-25,MGNT
3622.0,3608.5,3676.5,3606.5,301717,2025-06-26,MGNT
3610.0,3600.0,3618.0,3580.5,216542,2025-06-27,MGNT
3614.0,3620.0,3629.0,3600.0,27414,2025-06-28,MGNT
3622.5,3614.0,3628.5,3603.5,19302,2025-06-29,MGNT
3595.0,3632.5,3660.0,3595.0,439035,2025-06-30,MGNT
3642.0,3719.5,3744.5,3628.5,633554,2025-07-01,MGNT
3721.0,3664.0,3769.0,3642.0,453247,2025-07-02,MGNT
3671.0,3637.0,3715.0,3632.5,308399,2025-07-03,MGNT
3631.0,3603.0,3641.0,3600.0,203454,2025-07-04,MGNT
3604.0,3611.5,3623.0,3585.0,11912,2025-07-05,MGNT
3611.5,3621.5,3624.5,3606.5,8282,2025-07-06,MGNT
3621.5,3615.5,3674.0,3606.5,240072,2025-07-07,MGNT
3610.0,3551.5,3642.5,3549.0,310053,2025-07-08,MGNT
3550.0,3502.5,3588.0,3466.5,410034,2025-07-09,MGNT
3515.0,3491.0,3531.5,3478.0,185045,2025-07-10,MGNT
3494.0,3395.0,3500.0,3388.0,311547,2025-07-11,MGNT
3407.0,3408.0,3423.5,3401.0,17399,2025-07-12,MGNT
3417.5,3408.0,3420.0,3398.0,11005,2025-07-13,MGNT
3405.0,3501.0,3550.0,3336.0,453458,2025-07-14,MGNT
3503.0,3521.5,3574.5,3496.0,261056,2025-07-15,MGNT
3527.5,3580.0,3599.5,3520.5,297469,2025-07-16,MGNT
3587.0,3569.0,3637.0,3544.0,298457,2025-07-17,MGNT
3595.5,3621.5,3633.0,3565.0,246406,2025-07-18,MGNT
3622.5,3654.0,3663.0,3622.0,51024,2025-07-19,MGNT
3665.0,3662.0,3670.0,3648.0,27007,2025-07-20,MGNT
3669.5,3673.0,3710.0,3632.5,291899,2025-07-21,MGNT
3673.0,3709.5,3721.5,3655.0,162639,2025-07-22,MGNT
3718.5,3693.5,3738.0,3688.0,197981,2025-07-23,MGNT
3690.0,3671.0,3714.5,3655.0,147105,2025-07-24,MGNT
3687.5,3680.0,3766.5,3633.0,406012,2025-07-25,MGNT
3684.0,3686.0,3692.5,3675.5,7831,2025-07-26,MGNT
3686.0,3659.5,3694.0,3656.0,9769,2025-07-27,MGNT
3657.5,3585.5,3705.0,3553.0,317196,2025-07-28,MGNT
3604.0,3592.0,3636.0,3568.0,189530,2025-07-29,MGNT
3593.5,3563.5,3623.5,3554.0,89325,2025-07-30,MGNT
3554.5,3525.5,3598.5,3514.0,218060,2025-07-31,MGNT
3534.5,3527.5,3557.5,3502.0,178755,2025-08-01,MGNT
3546.0,3599.0,3616.0,3527.0,235532,2025-08-04,MGNT
3599.0,3601.0,3630.0,3552.0,179192,2025-08-05,MGNT
3592.5,3616.5,3666.5,3572.0,370889,2025-08-06,MGNT
3619.0,3675.0,3697.0,3613.5,436757,2025-08-07,MGNT
3675.0,3745.5,3758.0,3665.5,365700,2025-08-08,MGNT
3780.0,3785.5,3836.5,3742.0,590579,2025-08-11,MGNT
3786.5,3765.5,3807.5,3752.0,212655,2025-08-12,MGNT
3765.5,3740.0,3799.0,3728.0,259896,2025-08-13,MGNT
3757.5,3801.5,3823.5,3721.0,311582,2025-08-14,MGNT
3802.0,3788.0,3838.0,3770.0,260973,2025-08-15,MGNT
3748.5,3734.5,3748.5,3676.0,123851,2025-08-16,MGNT
3744.0,3705.5,3744.0,3696.0,39195,2025-08-17,MGNT
3720.0,3777.5,3804.0,3702.0,209671,2025-08-18,MGNT
3793.5,3800.0,3869.0,3762.5,459289,2025-08-19,MGNT
3794.0,3764.5,3836.5,3740.0,264434,2025-08-20,MGNT
3764.5,3689.0,3770.0,3683.5,296547,2025-08-21,MGNT
3689.5,3706.5,3725.0,3683.5,118425,2025-08-22,MGNT
3713.0,3713.0,3720.5,3708.0,5626,2025-08-23,MGNT
3713.0,3701.5,3722.0,3695.5,5432,2025-08-24,MGNT
3701.5,3651.0,3718.5,3627.0,231513,2025-08-25,MGNT
3651.0,3660.5,3683.0,3651.0,106893,2025-08-26,MGNT
3658.0,3692.0,3709.5,3653.5,121002,2025-08-27,MGNT
3696.0,3677.0,3743.0,3660.5,237769,2025-08-28,MGNT
3677.0,3670.0,3759.5,3649.0,400425,2025-08-29,MGNT
3687.0,3635.0,3687.0,3621.5,82528,2025-08-30,MGNT
3634.5,3633.0,3639.5,3626.0,22553,2025-08-31,MGNT
3634.5,3520.0,3637.0,3514.5,700336,2025-09-01,MGNT
3525.0,3475.0,3537.5,3420.0,470806,2025-09-02,MGNT
3485.0,3489.0,3505.5,3450.0,166549,2025-09-03,MGNT
3489.0,3485.5,3505.0,3461.0,144409,2025-09-04,MGNT
3486.0,3531.5,3565.0,3471.0,239708,2025-09-05,MGNT
3526.5,3514.0,3538.5,3514.0,13529,2025-09-06,MGNT
3514.0,3532.0,3537.5,3512.0,11695,2025-09-07,MGNT
3530.5,3504.5,3534.0,3470.0,177614,2025-09-08,MGNT
185.45,187.55,188.85,184.32,5593570,2025-06-02,MOEX
187.6,192.03,192.43,187.6,6866330,2025-06-03,MOEX
192.27,190.82,194.51,189.37,8357850,2025-06-04,MOEX
191.46,191.78,193.78,191.01,4360300,2025-06-05,MOEX
192.0,189.37,195.5,188.08,10098980,2025-06-06,MOEX
190.37,191.17,191.33,190.23,364600,2025-06-07,MOEX
191.17,190.79,191.47,190.0,332470,2025-06-08,MOEX
190.73,188.94,191.35,187.01,3722580,2025-06-09,MOEX
189.0,186.85,189.8,186.22,3704490,2025-06-10,MOEX
187.0,188.98,190.55,186.61,4889660,2025-06-11,MOEX
189.8,189.18,190.77,188.6,1698340,2025-06-13,MOEX
189.59,190.15,190.2,189.24,245370,2025-06-14,MOEX
190.15,189.95,190.8,189.79,526410,2025-06-15,MOEX
189.92,186.86,190.2,186.01,6681340,2025-06-16,MOEX
187.14,187.97,189.52,186.48,4009570,2025-06-17,MOEX
188.2,190.42,191.5,187.9,5233240,2025-06-18,MOEX
190.45,191.6,193.27,188.81,7699410,2025-06-19,MOEX
191.6,190.7,192.0,190.07,3478200,2025-06-20,MOEX
190.75,190.65,192.9,189.56,4045400,2025-06-23,MOEX
190.94,195.7,195.94,190.31,6648810,2025-06-24,MOEX
195.99,198.74,199.85,195.84,9186330,2025-06-25,MOEX
198.96,197.18,199.82,196.33,6301470,2025-06-26,MOEX
197.2,199.01,199.41,196.85,4793060,2025-06-27,MOEX
199.3,199.46,199.9,199.11,383700,2025-06-28,MOEX
199.46,199.46,199.89,199.46,475380,2025-06-29,MOEX
199.9,200.7,201.49,199.6,6080080,2025-06-30,MOEX
200.85,200.61,201.74,199.42,5928940,2025-07-01,MOEX
200.51,201.2,202.27,198.1,7820470,2025-07-02,MOEX
201.16,199.11,201.76,198.88,3730910,2025-07-03,MOEX
199.0,198.28,199.0,196.52,4871590,2025-07-04,MOEX
199.0,198.88,199.13,198.2,279590,2025-07-05,MOEX
198.88,198.64,198.99,198.4,125860,2025-07-06,MOEX
198.64,193.75,199.0,193.01,11829030,2025-07-07,MOEX
193.43,192.19,194.5,191.69,7621050,2025-07-08,MOEX
191.62,193.14,194.68,188.26,19753830,2025-07-09,MOEX
169.86,172.73,175.19,168.72,24526570,2025-07-10,MOEX
172.73,169.23,174.85,169.01,9529300,2025-07-11,MOEX
169.9,169.68,170.6,169.3,333810,2025-07-12,MOEX
170.07,170.0,170.54,169.25,335150,2025-07-13,MOEX
169.2,172.57,174.78,165.32,11213220,2025-07-14,MOEX
173.8,171.01,175.2,170.71,8721940,2025-07-15,MOEX
171.01,172.07,172.76,170.11,6205560,2025-07-16,MOEX
172.67,170.18,173.75,170.15,5438940,2025-07-17,MOEX
170.18,173.99,174.03,169.44,8391810,2025-07-18,MOEX
174.59,177.2,178.0,174.56,4219570,2025-07-19,MOEX
178.73,178.98,179.14,177.5,1900220,2025-07-20,MOEX
179.88,177.47,179.88,176.25,8541300,2025-07-21,MOEX
177.78,179.57,180.25,176.56,6849160,2025-07-22,MOEX
179.88,178.67,181.63,178.58,8672340,2025-07-23,MOEX
178.68,179.0,179.79,177.5,4137790,2025-07-24,MOEX
179.0,177.9,180.98,177.01,9028440,2025-07-25,MOEX
178.13,178.56,179.0,178.13,284250,2025-07-26,MOEX
178.91,178.38,178.91,178.0,221530,2025-07-27,MOEX
178.5,174.95,178.5,174.25,6698740,2025-07-28,MOEX
174.95,175.77,177.19,173.75,5011650,2025-07-29,MOEX
175.38,174.19,176.5,173.5,2979520,2025-07-30,MOEX
173.87,174.3,175.34,173.06,2402930,2025-07-31,MOEX
174.33,174.3,176.11,173.21,4131860,2025-08-01,MOEX
174.5,176.65,176.67,173.76,3454610,2025-08-04,MOEX
176.25,176.67,177.7,175.16,3723700,2025-08-05,MOEX
177.4,178.63,180.55,174.0,10635460,2025-08-06,MOEX
179.22,180.43,184.0,177.36,15866520,2025-08-07,MOEX
180.67,182.88,183.4,179.21,8876210,2025-08-08,MOEX
184.1,183.49,186.7,181.82,13157010,2025-08-11,MOEX
183.5,184.5,185.25,182.04,5878710,2025-08-12,MOEX
184.92,184.4,186.1,184.17,5446910,2025-08-13,MOEX
185.2,186.73,188.48,183.13,12111160,2025-08-14,MOEX
187.53,187.66,188.4,186.34,6462060,2025-08-15,MOEX
185.0,183.57,185.38,182.09,2318310,2025-08-16,MOEX
183.67,183.35,183.82,183.12,429490,2025-08-17,MOEX
183.5,186.35,187.96,182.6,8064970,2025-08-18,MOEX
187.3,186.28,187.89,185.8,6006000,2025-08-19,MOEX
186.1,185.29,187.2,184.3,4388360,2025-08-20,MOEX
185.44,181.75,185.67,181.04,3952550,2025-08-21,MOEX
181.85,184.18,185.0,181.18,4363480,2025-08-22,MOEX
184.18,183.9,184.58,183.69,124310,2025-08-23,MOEX
183.91,183.39,184.0,183.11,252440,2025-08-24,MOEX
183.15,182.2,183.55,179.78,3667280,2025-08-25,MOEX
182.2,181.76,183.3,180.55,2799540,2025-08-26,MOEX
181.38,181.93,182.69,181.1,2035790,2025-08-27,MOEX
181.95,180.09,182.43,179.55,2309030,2025-08-28,MOEX
179.91,179.0,181.0,178.76,2421840,2025-08-29,MOEX
179.04,179.37,179.59,179.03,121360,2025-08-30,MOEX
179.37,179.6,179.7,179.35,101500,2025-08-31,MOEX
179.6,177.59,181.0,177.1,4069490,2025-09-01,MOEX
177.58,176.3,177.93,173.83,4752100,2025-09-02,MOEX
176.36,176.07,176.8,174.6,2093470,2025-09-03,MOEX
176.04,175.94,176.97,174.4,2287480,2025-09-04,MOEX
176.0,175.45,176.9,175.32,2383130,2025-09-05,MOEX
175.45,175.65,175.84,175.31,82580,2025-09-06,MOEX
175.65,175.88,176.02,175.5,135610,2025-09-07,MOEX
175.96,177.81,178.0,175.7,3427720,2025-09-08,MOEX
214.05,218.9,219.4,214.05,2742530,2025-06-02,MTSS
218.9,227.9,228.0,218.45,5149010,2025-06-03,MTSS
228.45,226.35,232.9,222.85,7222120,2025-06-04,MTSS
226.3,231.9,233.35,225.5,4662310,2025-06-05,MTSS
231.9,225.6,237.0,222.7,9438090,2025-06-06,MTSS
225.55,227.0,227.25,225.55,199320,2025-06-07,MTSS
226.95,227.05,228.0,226.2,211730,2025-06-08,MTSS
227.7,224.05,230.0,223.25,2933830,2025-06-09,MTSS
224.5,222.7,225.9,222.05,2766400,2025-06-10,MTSS
222.75,223.95,227.3,222.3,3127420,2025-06-11,MTSS
224.0,223.9,225.55,223.1,1057080,2025-06-13,MTSS
223.95,225.1,225.4,223.9,145900,2025-06-14,MTSS
225.5,225.95,226.85,224.75,257890,2025-06-15,MTSS
226.45,225.55,226.75,224.05,1801910,2025-06-16,MTSS
226.0,226.05,228.25,225.5,2507580,2025-06-17,MTSS
226.45,228.45,229.85,225.0,2241530,2025-06-18,MTSS
228.45,229.05,230.0,226.7,4378000,2025-06-19,MTSS
229.45,228.5,229.65,227.1,2136880,2025-06-20,MTSS
228.55,227.2,229.8,224.7,4022870,2025-06-23,MTSS
227.5,234.95,236.0,225.25,8943270,2025-06-24,MTSS
235.05,235.6,237.4,233.3,5716400,2025-06-25,MTSS
236.0,234.0,236.65,232.5,4757750,2025-06-26,MTSS
234.65,234.5,235.25,233.6,2872470,2025-06-27,MTSS
235.0,236.3,237.2,234.65,1093190,2025-06-28,MTSS
236.6,237.15,237.5,236.45,648900,2025-06-29,MTSS
237.1,237.9,239.35,236.3,6851970,2025-06-30,MTSS
238.05,236.45,238.75,235.8,7584810,2025-07-01,MTSS
236.5,234.1,237.45,231.85,5837910,2025-07-02,MTSS
234.5,228.5,235.45,227.15,10574600,2025-07-03,MTSS
228.0,225.5,228.3,224.6,12780920,2025-07-04,MTSS
218.25,218.25,218.25,218.25,215320,2025-07-05,MTSS
192.3,193.8,195.4,188.7,23006170,2025-07-07,MTSS
193.7,195.95,198.85,191.8,11802520,2025-07-08,MTSS
195.9,193.95,198.9,191.6,8421740,2025-07-09,MTSS
195.35,197.0,198.45,193.85,4778210,2025-07-10,MTSS
197.05,193.65,197.65,192.95,4327250,2025-07-11,MTSS
193.6,192.75,193.65,191.15,222080,2025-07-12,MTSS
192.75,191.9,193.0,191.55,130880,2025-07-13,MTSS
192.75,194.4,195.55,189.0,4726090,2025-07-14,MTSS
195.2,200.75,201.35,194.15,5563290,2025-07-15,MTSS
200.95,202.15,204.8,200.95,5618920,2025-07-16,MTSS
202.0,202.2,206.6,201.15,4887330,2025-07-17,MTSS
202.4,208.65,208.85,202.4,4219840,2025-07-18,MTSS
208.75,209.95,210.95,208.65,622320,2025-07-19,MTSS
210.25,210.4,211.5,209.65,213400,2025-07-20,MTSS
210.45,209.45,212.4,208.05,3289060,2025-07-21,MTSS
209.5,210.0,210.45,207.15,2642700,2025-07-22,MTSS
210.0,210.85,212.65,210.0,4050020,2025-07-23,MTSS
210.05,211.05,211.95,209.55,1396110,2025-07-24,MTSS
211.1,209.35,212.2,208.05,3503960,2025-07-25,MTSS
210.0,209.7,210.35,209.2,72560,2025-07-26,MTSS
209.7,209.2,210.0,208.6,59530,2025-07-27,MTSS
209.2,206.75,210.0,206.0,3226040,2025-07-28,MTSS
208.0,206.8,209.3,205.2,2271910,2025-07-29,MTSS
206.8,205.35,208.05,205.0,1270190,2025-07-30,MTSS
205.35,209.75,209.95,205.05,3222700,2025-07-31,MTSS
210.05,208.0,211.85,206.65,2226190,2025-08-01,MTSS
208.0,208.2,210.1,207.3,1860130,2025-08-04,MTSS
208.8,212.2,212.8,208.2,3311540,2025-08-05,MTSS
212.9,213.0,215.9,208.85,4190070,2025-08-06,MTSS
213.9,217.05,217.65,212.5,2693370,2025-08-07,MTSS
217.3,221.95,222.0,216.1,3524370,2025-08-08,MTSS
224.0,220.35,225.1,218.05,3454080,2025-08-11,MTSS
220.35,221.8,223.5,218.6,3110920,2025-08-12,MTSS
222.0,222.1,223.45,220.4,2228020,2025-08-13,MTSS
222.1,222.75,224.5,220.0,1790320,2025-08-14,MTSS
223.0,224.6,225.5,222.1,1791710,2025-08-15,MTSS
222.8,222.75,223.5,220.45,471350,2025-08-16,MTSS
222.6,222.8,223.25,221.9,212360,2025-08-17,MTSS
221.8,225.1,226.2,221.0,2339350,2025-08-18,MTSS
225.15,225.6,230.5,224.3,6160270,2025-08-19,MTSS
225.6,226.25,227.85,224.0,2846770,2025-08-20,MTSS
225.95,223.8,227.85,223.45,3781870,2025-08-21,MTSS
223.9,224.9,226.5,223.6,3294470,2025-08-22,MTSS
225.5,225.2,225.5,224.5,58500,2025-08-23,MTSS
225.15,224.4,225.45,223.85,142010,2025-08-24,MTSS
224.4,220.3,224.8,217.6,3969210,2025-08-25,MTSS
220.3,224.0,224.1,218.45,2505100,2025-08-26,MTSS
224.0,224.0,225.0,223.1,1673540,2025-08-27,MTSS
224.2,219.9,224.7,219.3,2851990,2025-08-28,MTSS
219.9,217.95,222.6,216.8,1946690,2025-08-29,MTSS
218.0,218.05,218.95,217.25,187940,2025-08-30,MTSS
218.05,219.15,220.1,218.0,155370,2025-08-31,MTSS
219.0,218.45,221.45,217.15,1396020,2025-09-01,MTSS
218.05,218.35,220.3,216.25,2039860,2025-09-02,MTSS
218.4,220.0,220.0,217.2,1673670,2025-09-03,MTSS
220.0,222.15,223.45,219.65,1708120,2025-09-04,MTSS
222.15,224.5,226.5,221.6,4825110,2025-09-05,MTSS
224.5,224.95,225.25,224.4,48880,2025-09-06,MTSS
224.9,225.3,225.75,224.55,131480,2025-09-07,MTSS
226.0,224.15,226.0,223.5,1484900,2025-09-08,MTSS
1057.0,1113.4,1121.4,1056.0,3374935,2025-06-02,NVTK
1110.0,1132.0,1134.0,1108.0,2461800,2025-06-03,NVTK
1135.4,1105.0,1142.4,1101.0,3091181,2025-06-04,NVTK
1106.0,1112.8,1120.0,1102.0,1516569,2025-06-05,NVTK
1112.8,1069.4,1144.0,1068.2,4089405,2025-06-06,NVTK
1072.4,1076.4,1080.4,1072.4,104356,2025-06-07,NVTK
1076.0,1068.0,1078.0,1061.6,93247,2025-06-08,NVTK
1070.2,1043.4,1075.6,1041.6,1801082,2025-06-09,NVTK
1045.4,1009.4,1053.6,1007.4,3394602,2025-06-10,NVTK
1010.6,1028.0,1036.0,1002.0,2449616,2025-06-11,NVTK
1045.0,1035.6,1047.2,1028.0,1246139,2025-06-13,NVTK
1044.0,1053.8,1054.0,1038.2,324869,2025-06-14,NVTK
1064.8,1048.0,1065.0,1038.2,665830,2025-06-15,NVTK
1051.8,1023.8,1052.0,1017.6,1706439,2025-06-16,NVTK
1024.0,1073.0,1079.0,1018.2,2611236,2025-06-17,NVTK
1077.0,1061.8,1089.8,1052.4,3899657,2025-06-18,NVTK
1061.2,1056.6,1075.2,1045.4,2650698,2025-06-19,NVTK
1057.6,1040.8,1068.4,1032.0,1896583,2025-06-20,NVTK
1050.0,1039.6,1062.8,1033.2,2227180,2025-06-23,NVTK
1039.8,1046.6,1053.2,1023.0,2603609,2025-06-24,NVTK
1049.0,1090.8,1094.0,1048.0,3994648,2025-06-25,NVTK
1090.8,1078.0,1092.8,1077.6,2126210,2025-06-26,NVTK
1080.0,1091.0,1093.8,1070.6,2829059,2025-06-27,NVTK
1090.8,1092.8,1098.8,1090.0,174330,2025-06-28,NVTK
1092.2,1092.0,1100.0,1090.0,230287,2025-06-29,NVTK
1090.6,1097.6,1105.0,1082.0,2168901,2025-06-30,NVTK
1099.8,1111.0,1123.8,1096.2,3060162,2025-07-01,NVTK
1113.0,1093.8,1122.8,1090.8,2595663,2025-07-02,NVTK
1094.8,1073.4,1102.8,1071.4,2638005,2025-07-03,NVTK
1071.2,1050.2,1073.4,1042.6,2786980,2025-07-04,NVTK
1052.6,1053.4,1054.8,1049.4,79700,2025-07-05,NVTK
1053.2,1047.8,1053.2,1047.4,44534,2025-07-06,NVTK
1047.8,1030.2,1055.2,1026.0,2142027,2025-07-07,NVTK
1031.2,1016.4,1046.6,1010.0,1919097,2025-07-08,NVTK
1016.4,1032.8,1039.6,1011.0,2309023,2025-07-09,NVTK
1036.0,1037.0,1045.8,1025.2,1433331,2025-07-10,NVTK
1038.0,991.4,1042.0,989.0,3642344,2025-07-11,NVTK
993.8,995.2,997.0,993.0,147968,2025-07-12,NVTK
994.0,988.0,996.6,985.4,135385,2025-07-13,NVTK
987.0,1031.2,1038.0,966.6,4927916,2025-07-14,NVTK
1036.0,1046.8,1052.2,1031.0,2289189,2025-07-15,NVTK
1049.0,1044.2,1055.0,1037.4,2051760,2025-07-16,NVTK
1045.0,1034.0,1060.8,1031.2,2398228,2025-07-17,NVTK
1037.4,1082.0,1082.2,1034.4,3447097,2025-07-18,NVTK
1081.8,1096.4,1107.8,1080.2,676851,2025-07-19,NVTK
1106.4,1102.2,1108.4,1096.2,238450,2025-07-20,NVTK
1100.0,1091.6,1109.0,1086.2,2110323,2025-07-21,NVTK
1094.8,1085.0,1095.8,1075.0,1809788,2025-07-22,NVTK
1085.0,1071.4,1090.8,1066.2,3075022,2025-07-23,NVTK
1072.0,1073.2,1084.0,1064.2,1823208,2025-07-24,NVTK
1076.0,1052.8,1086.2,1046.8,3304290,2025-07-25,NVTK
1056.4,1056.8,1060.2,1052.8,95926,2025-07-26,NVTK
1055.4,1052.0,1057.2,1050.2,55051,2025-07-27,NVTK
1050.0,1024.8,1050.6,1012.4,3484349,2025-07-28,NVTK
1023.8,1028.0,1034.4,1019.6,1770959,2025-07-29,NVTK
1028.2,1018.8,1028.6,1013.2,1116132,2025-07-30,NVTK
1019.0,1014.2,1025.0,1008.8,1533056,2025-07-31,NVTK
1017.6,1014.0,1030.0,1003.0,2746251,2025-08-01,NVTK
1018.8,1058.2,1059.0,1013.0,3389828,2025-08-04,NVTK
1060.0,1058.6,1063.4,1041.6,2665898,2025-08-05,NVTK
1058.8,1083.8,1097.6,1035.4,5382281,2025-08-06,NVTK
1084.0,1138.0,1176.0,1072.2,17772183,2025-08-07,NVTK
1140.0,1195.8,1200.0,1120.0,8595193,2025-08-08,NVTK
1224.6,1222.0,1234.4,1205.2,9011414,2025-08-11,NVTK
1222.0,1244.0,1252.8,1206.8,4882479,2025-08-12,NVTK
1242.0,1241.2,1260.0,1230.0,5896981,2025-08-13,NVTK
1241.6,1264.4,1273.4,1221.2,6765802,2025-08-14,NVTK
1265.0,1278.8,1293.0,1251.4,6685289,2025-08-15,NVTK
1239.4,1243.2,1251.2,1239.4,2047179,2025-08-16,NVTK
1240.4,1239.4,1242.4,1239.4,227932,2025-08-17,NVTK
1224.2,1269.8,1303.6,1222.2,8060106,2025-08-18,NVTK
1275.0,1250.6,1284.0,1239.2,5851408,2025-08-19,NVTK
1251.8,1215.0,1257.2,1210.2,5222716,2025-08-20,NVTK
1217.0,1164.0,1217.2,1158.0,9486987,2025-08-21,NVTK
1164.0,1184.8,1188.8,1151.4,4999103,2025-08-22,NVTK
1186.2,1189.0,1197.0,1186.0,571097,2025-08-23,NVTK
1181.6,1171.0,1184.8,1167.0,578335,2025-08-24,NVTK
1172.6,1171.2,1179.6,1155.0,3550868,2025-08-25,NVTK
1170.0,1172.0,1194.0,1164.6,3117712,2025-08-26,NVTK
1172.0,1225.2,1227.8,1163.2,7476001,2025-08-27,NVTK
1225.4,1217.0,1243.6,1205.4,8978543,2025-08-28,NVTK
1220.4,1238.4,1244.2,1217.6,5034696,2025-08-29,NVTK
1238.4,1238.8,1242.0,1231.0,314107,2025-08-30,NVTK
1239.0,1242.0,1242.4,1236.8,219045,2025-08-31,NVTK
1246.0,1225.6,1253.0,1221.2,2803952,2025-09-01,NVTK
1229.0,1220.0,1234.4,1201.0,5037477,2025-09-02,NVTK
1220.2,1226.8,1229.6,1205.2,2759958,2025-09-03,NVTK
1227.0,1226.6,1245.0,1213.6,3469000,2025-09-04,NVTK
1228.0,1239.8,1245.6,1226.4,2458261,2025-09-05,NVTK
1243.2,1243.6,1244.4,1240.4,106877,2025-09-06,NVTK
1244.0,1240.0,1244.4,1237.4,151801,2025-09-07,NVTK
1241.0,1237.4,1244.8,1226.6,2251047,2025-09-08,NVTK
6290.0,6439.0,6483.0,6266.0,82654,2025-06-02,PHOR
6439.0,6572.0,6624.0,6439.0,60145,2025-06-03,PHOR
6610.0,6520.0,6674.0,6486.0,79870,2025-06-04,PHOR
6524.0,6510.0,6600.0,6454.0,45347,2025-06-05,PHOR
6535.0,6445.0,6581.0,6378.0,83906,2025-06-06,PHOR
6396.0,6223.0,6396.0,6135.0,68145,2025-06-09,PHOR
6257.0,6076.0,6257.0,6068.0,55876,2025-06-10,PHOR
6090.0,6189.0,6246.0,6062.0,56037,2025-06-11,PHOR
6236.0,6162.0,6237.0,6155.0,14423,2025-06-13,PHOR
6162.0,6195.0,6197.0,6160.0,1829,2025-06-14,PHOR
6200.0,6190.0,6215.0,6163.0,3066,2025-06-15,PHOR
6197.0,6212.0,6262.0,6124.0,33340,2025-06-16,PHOR
6212.0,6283.0,6299.0,6197.0,40131,2025-06-17,PHOR
6300.0,6306.0,6325.0,6263.0,22070,2025-06-18,PHOR
6306.0,6264.0,6330.0,6241.0,54621,2025-06-19,PHOR
6297.0,6309.0,6349.0,6250.0,31756,2025-06-20,PHOR
6310.0,6276.0,6335.0,6229.0,46016,2025-06-23,PHOR
6267.0,6418.0,6450.0,6235.0,58704,2025-06-24,PHOR
6439.0,6388.0,6466.0,6350.0,59090,2025-06-25,PHOR
6386.0,6381.0,6473.0,6350.0,50640,2025-06-26,PHOR
6396.0,6395.0,6429.0,6335.0,78822,2025-06-27,PHOR
6392.0,6360.0,6395.0,6360.0,8204,2025-06-28,PHOR
6360.0,6358.0,6378.0,6346.0,6113,2025-06-29,PHOR
6350.0,6319.0,6385.0,6299.0,70077,2025-06-30,PHOR
6319.0,6189.0,6325.0,6155.0,104959,2025-07-01,PHOR
6199.0,6085.0,6211.0,6017.0,109398,2025-07-02,PHOR
6085.0,6048.0,6102.0,6032.0,103527,2025-07-03,PHOR
6048.0,6019.0,6048.0,5979.0,62919,2025-07-04,PHOR
6035.0,6032.0,6038.0,6018.0,1987,2025-07-05,PHOR
6025.0,6011.0,6029.0,6009.0,1942,2025-07-06,PHOR
6017.0,6040.0,6068.0,5987.0,31069,2025-07-07,PHOR
6033.0,6002.0,6112.0,5995.0,66679,2025-07-08,PHOR
5997.0,6010.0,6085.0,5960.0,35781,2025-07-09,PHOR
6013.0,6015.0,6037.0,5995.0,28555,2025-07-10,PHOR
6015.0,5823.0,6021.0,5815.0,51850,2025-07-11,PHOR
5847.0,5881.0,5902.0,5830.0,5003,2025-07-12,PHOR
5901.0,5871.0,5920.0,5860.0,2440,2025-07-13,PHOR
5863.0,5980.0,5986.0,5780.0,64339,2025-07-14,PHOR
5964.0,6113.0,6156.0,5964.0,51602,2025-07-15,PHOR
6118.0,6170.0,6249.0,6118.0,61392,2025-07-16,PHOR
6170.0,6192.0,6246.0,6170.0,50278,2025-07-17,PHOR
6192.0,6257.0,6272.0,6170.0,51240,2025-07-18,PHOR
6245.0,6247.0,6278.0,6220.0,3191,2025-07-19,PHOR
6257.0,6239.0,6264.0,6232.0,2802,2025-07-20,PHOR
6249.0,6211.0,6292.0,6208.0,44426,2025-07-21,PHOR
6211.0,6348.0,6350.0,6181.0,76615,2025-07-22,PHOR
6343.0,6529.0,6530.0,6334.0,150287,2025-07-23,PHOR
6510.0,6426.0,6550.0,6352.0,118692,2025-07-24,PHOR
6415.0,6391.0,6508.0,6362.0,62493,2025-07-25,PHOR
6411.0,6402.0,6411.0,6384.0,1246,2025-07-26,PHOR
6398.0,6372.0,6410.0,6369.0,2407,2025-07-27,PHOR
6369.0,6362.0,6450.0,6285.0,60935,2025-07-28,PHOR
6346.0,6583.0,6645.0,6342.0,220396,2025-07-29,PHOR
6581.0,6451.0,6601.0,6425.0,106732,2025-07-30,PHOR
6465.0,6408.0,6500.0,6380.0,41644,2025-07-31,PHOR
6437.0,6485.0,6519.0,6409.0,43840,2025-08-01,PHOR
6480.0,6537.0,6544.0,6447.0,55800,2025-08-04,PHOR
6522.0,6618.0,6619.0,6495.0,52704,2025-08-05,PHOR
6627.0,6695.0,6735.0,6589.0,160598,2025-08-06,PHOR
6695.0,6805.0,6821.0,6695.0,155504,2025-08-07,PHOR
6820.0,7000.0,7014.0,6814.0,158207,2025-08-08,PHOR
7050.0,6988.0,7133.0,6912.0,163441,2025-08-11,PHOR
6998.0,7000.0,7025.0,6921.0,69881,2025-08-12,PHOR
7000.0,7026.0,7077.0,6993.0,81596,2025-08-13,PHOR
7026.0,7018.0,7044.0,6990.0,54319,2025-08-14,PHOR
7018.0,7051.0,7095.0,7010.0,71455,2025-08-15,PHOR
6982.0,7005.0,7040.0,6980.0,17568,2025-08-16,PHOR
7000.0,6990.0,7011.0,6985.0,5277,2025-08-17,PHOR
6990.0,7048.0,7091.0,6981.0,86390,2025-08-18,PHOR
7048.0,7062.0,7114.0,7016.0,91386,2025-08-19,PHOR
7072.0,7028.0,7095.0,7002.0,44375,2025-08-20,PHOR
7035.0,6983.0,7053.0,6953.0,58505,2025-08-21,PHOR
7004.0,7042.0,7049.0,6972.0,44927,2025-08-22,PHOR
7048.0,7045.0,7065.0,7040.0,4499,2025-08-23,PHOR
7045.0,7057.0,7062.0,7035.0,2484,2025-08-24,PHOR
7059.0,6940.0,7110.0,6885.0,90452,2025-08-25,PHOR
6942.0,7009.0,7020.0,6871.0,100237,2025-08-26,PHOR
7008.0,7017.0,7050.0,6988.0,54730,2025-08-27,PHOR
7027.0,7008.0,7042.0,6977.0,51499,2025-08-28,PHOR
7009.0,6995.0,7037.0,6951.0,29881,2025-08-29,PHOR
6991.0,6982.0,7012.0,6981.0,2707,2025-08-30,PHOR
6990.0,7010.0,7013.0,6990.0,2450,2025-08-31,PHOR
7003.0,6997.0,7040.0,6980.0,37906,2025-09-01,PHOR
6990.0,6970.0,7018.0,6890.0,76535,2025-09-02,PHOR
6970.0,6934.0,6977.0,6896.0,43120,2025-09-03,PHOR
6938.0,6851.0,6948.0,6818.0,97049,2025-09-04,PHOR
6852.0,6888.0,6894.0,6851.0,41193,2025-09-05,PHOR
6883.0,6896.0,6899.0,6874.0,4241,2025-09-06,PHOR
6898.0,6904.0,6905.0,6890.0,2564,2025-09-07,PHOR
6904.0,7031.0,7040.0,6901.0,76648,2025-09-08,PHOR
1652.8,1729.8,1735.0,1650.0,1160194,2025-06-02,PLZL
1727.6,1739.0,1754.4,1724.4,765192,2025-06-03,PLZL
1741.0,1761.8,1787.8,1728.8,806587,2025-06-04,PLZL
1762.0,1823.8,1833.8,1762.0,1181513,2025-06-05,PLZL
1824.0,1746.2,1845.8,1731.6,1544158,2025-06-06,PLZL
1755.0,1746.8,1766.4,1743.0,53925,2025-06-07,PLZL
1757.0,1744.8,1758.2,1740.4,23355,2025-06-08,PLZL
1741.0,1711.8,1754.6,1690.6,848713,2025-06-09,PLZL
1713.2,1722.4,1737.2,1685.4,567415,2025-06-10,PLZL
1733.6,1734.0,1759.8,1711.8,490367,2025-06-11,PLZL
1757.0,1764.4,1787.4,1743.2,648986,2025-06-13,PLZL
1770.0,1765.4,1773.0,1753.2,42898,2025-06-14,PLZL
1765.0,1762.6,1774.0,1748.2,93259,2025-06-15,PLZL
1762.6,1757.0,1773.8,1701.8,819174,2025-06-16,PLZL
1757.0,1744.4,1768.0,1725.0,601112,2025-06-17,PLZL
1745.0,1732.8,1755.0,1725.0,384774,2025-06-18,PLZL
1733.0,1733.0,1740.0,1703.0,832422,2025-06-19,PLZL
1730.2,1715.4,1738.0,1710.2,315789,2025-06-20,PLZL
1729.4,1701.8,1729.4,1701.0,553626,2025-06-23,PLZL
1701.0,1717.8,1719.4,1669.0,683009,2025-06-24,PLZL
1719.6,1755.6,1761.0,1710.4,771545,2025-06-25,PLZL
1759.0,1790.0,1799.2,1751.2,842664,2025-06-26,PLZL
1768.0,1797.2,1799.0,1756.0,990663,2025-06-27,PLZL
1790.4,1796.2,1812.4,1784.8,60592,2025-06-28,PLZL
1796.2,1784.8,1798.4,1784.0,46440,2025-06-29,PLZL
1783.8,1817.4,1831.0,1778.0,702425,2025-06-30,PLZL
1819.0,1865.0,1894.4,1813.2,1554022,2025-07-01,PLZL
1865.2,1867.0,1889.0,1829.4,971596,2025-07-02,PLZL
1858.4,1851.6,1880.0,1839.4,598365,2025-07-03,PLZL
1855.8,1908.0,1916.8,1848.0,1415565,2025-07-04,PLZL
1908.0,1905.0,1911.4,1901.2,32161,2025-07-05,PLZL
1904.4,1903.6,1906.8,1900.4,24395,2025-07-06,PLZL
1897.8,1882.0,1899.6,1866.2,723182,2025-07-07,PLZL
1880.2,1845.2,1888.6,1841.0,760412,2025-07-08,PLZL
1840.2,1828.4,1851.4,1802.4,941250,2025-07-09,PLZL
1830.0,1860.8,1877.2,1822.8,583113,2025-07-10,PLZL
1863.0,1790.0,1867.0,1777.0,1270948,2025-07-11,PLZL
1797.8,1784.2,1798.8,1782.6,28707,2025-07-12,PLZL
1785.0,1780.0,1787.0,1771.0,26694,2025-07-13,PLZL
1787.0,1837.6,1838.4,1750.2,1108760,2025-07-14,PLZL
1839.6,1862.0,1888.0,1835.8,720223,2025-07-15,PLZL
1862.0,1884.4,1900.8,1841.0,777626,2025-07-16,PLZL
1884.2,1891.0,1900.0,1872.2,413572,2025-07-17,PLZL
1897.6,1873.0,1948.2,1854.0,1653670,2025-07-18,PLZL
1880.2,1877.4,1889.4,1870.4,68083,2025-07-19,PLZL
1885.0,1877.8,1888.8,1870.0,46965,2025-07-20,PLZL
1877.8,1943.2,1955.0,1875.0,1233070,2025-07-21,PLZL
1945.0,1970.0,1973.6,1925.6,890945,2025-07-22,PLZL
1964.0,1968.8,1991.6,1960.6,885103,2025-07-23,PLZL
1961.0,1973.0,1983.2,1951.4,637158,2025-07-24,PLZL
1970.0,1914.6,1978.0,1907.4,877967,2025-07-25,PLZL
1919.0,1926.6,1939.2,1915.4,68467,2025-07-26,PLZL
1926.6,1917.4,1929.6,1916.2,30244,2025-07-27,PLZL
1926.6,1931.0,1956.4,1903.0,734370,2025-07-28,PLZL
1936.8,1987.0,2011.0,1929.0,1748124,2025-07-29,PLZL
1994.6,1930.8,2007.0,1930.0,1031622,2025-07-30,PLZL
1938.2,1967.2,1980.0,1934.0,674120,2025-07-31,PLZL
1968.0,1966.4,1985.0,1943.0,655782,2025-08-01,PLZL
1966.6,2031.6,2035.0,1958.2,1501318,2025-08-04,PLZL
2036.6,2048.0,2063.8,2016.0,1354103,2025-08-05,PLZL
2046.2,2053.8,2071.2,2022.6,1300246,2025-08-06,PLZL
2053.8,2079.4,2085.0,2044.0,1057327,2025-08-07,PLZL
2084.8,2145.0,2147.0,2073.8,1330038,2025-08-08,PLZL
2150.0,2108.4,2248.2,2090.0,2024626,2025-08-11,PLZL
2116.6,2077.0,2129.8,2045.2,1627085,2025-08-12,PLZL
2083.8,2097.4,2120.0,2080.4,1011431,2025-08-13,PLZL
2107.8,2108.0,2127.6,2080.0,763294,2025-08-14,PLZL
2109.0,2116.2,2132.0,2105.6,652604,2025-08-15,PLZL
2104.0,2094.4,2107.0,2068.2,157665,2025-08-16,PLZL
2095.0,2081.2,2098.8,2075.2,48288,2025-08-17,PLZL
2081.2,2115.6,2124.4,2081.2,585027,2025-08-18,PLZL
2116.4,2137.8,2166.0,2116.4,1413497,2025-08-19,PLZL
2136.2,2146.8,2163.6,2126.0,739190,2025-08-20,PLZL
2150.0,2147.4,2181.8,2135.6,766521,2025-08-21,PLZL
2148.0,2194.0,2203.2,2144.8,1016114,2025-08-22,PLZL
2195.0,2211.0,2215.0,2194.6,130758,2025-08-23,PLZL
2215.0,2214.2,2224.0,2206.8,131843,2025-08-24,PLZL
2215.0,2198.0,2233.2,2187.0,947294,2025-08-25,PLZL
2205.4,2209.6,2213.4,2176.2,579692,2025-08-26,PLZL
2209.6,2143.8,2219.4,2124.2,2032851,2025-08-27,PLZL
2145.2,2165.0,2170.0,2125.2,868462,2025-08-28,PLZL
2165.0,2138.2,2166.6,2100.0,948838,2025-08-29,PLZL
2138.2,2130.8,2145.4,2123.2,57126,2025-08-30,PLZL
2130.2,2135.8,2136.6,2125.0,34213,2025-08-31,PLZL
2145.4,2182.4,2190.0,2141.0,863321,2025-09-01,PLZL
2190.0,2223.8,2228.0,2166.2,1273684,2025-09-02,PLZL
2225.0,2232.2,2238.2,2204.0,1273063,2025-09-03,PLZL
2220.6,2219.4,2232.8,2205.2,784306,2025-09-04,PLZL
2222.0,2235.6,2240.0,2215.8,1133415,2025-09-05,PLZL
2238.4,2234.4,2240.0,2231.0,72888,2025-09-06,PLZL
2237.0,2238.2,2239.8,2232.0,35625,2025-09-07,PLZL
2240.0,2280.8,2290.0,2231.4,1564999,2025-09-08,PLZL
419.0,438.7,439.5,418.6,6416555,2025-06-02,ROSN
438.9,444.15,444.95,435.85,3372918,2025-06-03,ROSN
444.3,435.45,450.0,432.45,6133578,2025-06-04,ROSN
435.45,437.9,443.0,434.35,3341735,2025-06-05,ROSN
437.95,429.2,447.4,429.0,8202344,2025-06-06,ROSN
430.65,430.15,433.85,429.45,211233,2025-06-07,ROSN
430.0,429.85,430.85,428.3,216711,2025-06-08,ROSN
430.0,425.75,432.0,422.65,2589740,2025-06-09,ROSN
426.6,411.15,429.45,406.6,9584449,2025-06-10,ROSN
411.6,415.4,417.35,408.1,3563776,2025-06-11,ROSN
428.65,444.4,444.4,424.0,17200829,2025-06-13,ROSN
446.8,457.6,457.6,446.8,6163961,2025-06-14,ROSN
457.6,450.3,457.6,439.0,14453840,2025-06-15,ROSN
448.75,436.15,449.25,433.15,17513540,2025-06-16,ROSN
438.0,456.95,457.8,436.5,14787413,2025-06-17,ROSN
457.95,454.85,459.0,448.2,13351046,2025-06-18,ROSN
454.85,455.6,459.65,452.15,10165989,2025-06-19,ROSN
453.35,448.75,456.35,445.55,5865029,2025-06-20,ROSN
458.0,440.0,459.35,435.95,17255969,2025-06-23,ROSN
436.0,436.8,438.7,427.3,11286256,2025-06-24,ROSN
436.8,435.05,440.55,433.7,4190573,2025-06-25,ROSN
436.4,435.15,436.75,433.05,2601988,2025-06-26,ROSN
435.5,438.75,439.45,433.05,4290864,2025-06-27,ROSN
439.4,439.2,441.4,438.3,474615,2025-06-28,ROSN
439.5,437.15,439.5,436.45,401589,2025-06-29,ROSN
438.2,442.3,444.5,435.5,3791165,2025-06-30,ROSN
442.0,439.75,447.25,438.7,3832478,2025-07-01,ROSN
440.0,435.0,441.4,431.55,3656840,2025-07-02,ROSN
434.35,427.3,437.35,426.0,4406445,2025-07-03,ROSN
426.0,426.7,430.4,422.5,3202929,2025-07-04,ROSN
426.9,427.35,427.95,426.1,201026,2025-07-05,ROSN
427.0,425.9,427.15,424.6,144233,2025-07-06,ROSN
425.8,426.6,429.9,423.95,2726356,2025-07-07,ROSN
426.6,415.25,427.55,414.6,4169389,2025-07-08,ROSN
415.75,410.25,418.35,404.75,6095731,2025-07-09,ROSN
410.55,413.2,417.75,410.3,2930747,2025-07-10,ROSN
414.7,402.25,414.8,400.6,5392456,2025-07-11,ROSN
402.45,404.35,405.25,402.2,440465,2025-07-12,ROSN
404.4,402.8,405.2,401.35,358939,2025-07-13,ROSN
401.4,422.25,425.0,395.0,8100847,2025-07-14,ROSN
423.0,419.15,423.0,416.4,3485653,2025-07-15,ROSN
419.15,422.0,426.35,416.55,3662877,2025-07-16,ROSN
421.95,420.7,428.0,419.35,4555871,2025-07-17,ROSN
406.0,414.35,415.2,405.7,5297533,2025-07-18,ROSN
414.0,418.0,421.0,413.9,977169,2025-07-19,ROSN
418.8,418.25,418.95,417.3,204845,2025-07-20,ROSN
416.0,417.6,420.6,414.0,2485426,2025-07-21,ROSN
417.25,419.6,420.05,415.0,1898215,2025-07-22,ROSN
419.8,424.7,427.0,419.8,3405332,2025-07-23,ROSN
425.0,422.5,426.1,420.5,1696598,2025-07-24,ROSN
423.1,418.0,425.05,415.3,3182023,2025-07-25,ROSN
418.05,419.35,419.6,418.05,110086,2025-07-26,ROSN
419.35,418.55,419.8,417.35,154555,2025-07-27,ROSN
418.0,415.05,424.65,413.6,5287643,2025-07-28,ROSN
415.6,425.95,430.3,413.6,6465524,2025-07-29,ROSN
426.05,419.4,430.55,417.45,4918766,2025-07-30,ROSN
419.85,419.65,422.6,416.2,2073270,2025-07-31,ROSN
420.1,416.85,423.3,415.0,2410052,2025-08-01,ROSN
417.4,429.1,429.2,417.4,4106111,2025-08-04,ROSN
429.2,435.75,436.65,426.0,9086289,2025-08-05,ROSN
436.1,438.4,449.4,424.35,11882015,2025-08-06,ROSN
438.4,445.05,453.5,435.6,10289287,2025-08-07,ROSN
446.35,455.2,455.2,440.1,5058826,2025-08-08,ROSN
458.4,461.55,470.55,458.1,6982200,2025-08-11,ROSN
461.6,461.5,464.6,456.8,3072361,2025-08-12,ROSN
462.45,456.6,463.6,453.7,3241596,2025-08-13,ROSN
456.3,474.75,475.3,452.75,8275820,2025-08-14,ROSN
474.75,487.35,491.4,471.3,12281225,2025-08-15,ROSN
472.9,473.45,477.0,472.9,3508417,2025-08-16,ROSN
473.1,472.9,474.45,472.9,381734,2025-08-17,ROSN
472.0,475.2,482.2,467.7,9419325,2025-08-18,ROSN
477.5,466.8,480.8,463.1,6157687,2025-08-19,ROSN
466.8,463.25,471.05,461.1,3245713,2025-08-20,ROSN
463.8,454.75,467.1,453.2,4798080,2025-08-21,ROSN
455.0,456.35,459.25,453.5,3853382,2025-08-22,ROSN
457.5,457.7,458.1,456.25,114324,2025-08-23,ROSN
457.9,456.05,458.15,455.0,166918,2025-08-24,ROSN
456.65,458.4,464.55,451.6,5052182,2025-08-25,ROSN
458.4,461.65,464.0,454.6,3443003,2025-08-26,ROSN
461.85,465.6,467.4,460.85,3856340,2025-08-27,ROSN
465.85,456.15,466.45,453.9,3805528,2025-08-28,ROSN
456.55,459.75,461.95,456.25,2811191,2025-08-29,ROSN
459.8,461.95,462.8,459.75,349068,2025-08-30,ROSN
462.0,463.0,463.8,461.75,320192,2025-08-31,ROSN
463.55,461.1,469.2,458.35,3394665,2025-09-01,ROSN
461.0,451.8,463.55,445.5,6462894,2025-09-02,ROSN
451.8,447.95,452.0,443.1,4070362,2025-09-03,ROSN
448.2,449.55,452.5,445.4,2521571,2025-09-04,ROSN
450.35,459.4,459.9,448.15,4294990,2025-09-05,ROSN
459.15,457.65,459.3,456.35,224307,2025-09-06,ROSN
457.65,457.1,458.35,456.95,179349,2025-09-07,ROSN
457.5,458.0,459.8,455.65,1987240,2025-09-08,ROSN
30.185,31.13,31.4,30.055,10869680,2025-06-02,RUAL
31.1,32.11,32.25,31.03,21963520,2025-06-03,RUAL
32.12,31.9,32.555,31.785,16638320,2025-06-04,RUAL
31.97,31.71,32.28,31.62,7643390,2025-06-05,RUAL
31.31,30.645,32.34,30.61,24578930,2025-06-06,RUAL
30.85,31.01,31.025,30.84,479080,2025-06-07,RUAL
30.89,30.78,31.05,30.66,667740,2025-06-08,RUAL
30.835,30.545,30.995,30.12,11769670,2025-06-09,RUAL
30.55,30.13,30.955,29.925,8905490,2025-06-10,RUAL
30.1,30.305,30.575,29.95,13990640,2025-06-11,RUAL
30.475,30.21,30.67,30.065,5143270,2025-06-13,RUAL
30.215,30.45,30.545,30.215,1124080,2025-06-14,RUAL
30.45,30.425,30.51,30.295,457190,2025-06-15,RUAL
30.34,29.92,30.475,29.86,9608010,2025-06-16,RUAL
29.955,30.51,30.58,29.91,13765370,2025-06-17,RUAL
30.51,30.21,30.94,30.115,20668990,2025-06-18,RUAL
30.21,30.005,30.4,29.905,11638480,2025-06-19,RUAL
30.005,29.96,30.25,29.78,9042770,2025-06-20,RUAL
30.015,29.84,30.15,29.59,10900320,2025-06-23,RUAL
29.84,30.18,30.18,29.73,6878890,2025-06-24,RUAL
30.18,30.205,30.445,29.98,12811050,2025-06-25,RUAL
30.205,31.13,31.27,30.175,44562750,2025-06-26,RUAL
31.19,30.835,31.29,30.51,30566150,2025-06-27,RUAL
30.83,30.84,30.925,30.77,990730,2025-06-28,RUAL
30.825,30.73,30.9,30.7,1462800,2025-06-29,RUAL
30.73,31.085,31.28,30.705,21360150,2025-06-30,RUAL
31.085,30.855,31.44,30.71,24357770,2025-07-01,RUAL
30.855,30.67,31.07,30.56,18379900,2025-07-02,RUAL
30.61,30.66,31.08,30.3,20511300,2025-07-03,RUAL
30.525,30.205,30.71,30.065,12187310,2025-07-04,RUAL
30.165,30.295,30.295,30.14,300480,2025-07-05,RUAL
30.295,30.135,30.335,30.12,513130,2025-07-06,RUAL
30.15,29.73,30.255,29.67,12412560,2025-07-07,RUAL
29.735,29.42,29.95,29.32,13617000,2025-07-08,RUAL
29.485,29.12,29.6,28.6,21307210,2025-07-09,RUAL
29.145,28.985,29.3,28.9,13488960,2025-07-10,RUAL
29.0,27.73,29.125,27.605,27687080,2025-07-11,RUAL
27.785,28.05,28.07,27.755,1942770,2025-07-12,RUAL
28.05,28.06,28.115,27.805,1405860,2025-07-13,RUAL
27.98,28.94,29.19,27.6,27525590,2025-07-14,RUAL
29.09,28.995,29.435,28.7,18532260,2025-07-15,RUAL
29.05,29.28,29.38,28.76,19360460,2025-07-16,RUAL
29.31,29.02,29.775,28.83,16735220,2025-07-17,RUAL
29.0,30.215,30.235,28.85,22290440,2025-07-18,RUAL
30.22,30.495,30.66,30.215,5066040,2025-07-19,RUAL
30.5,30.585,30.71,30.5,2009210,2025-07-20,RUAL
30.575,31.78,31.94,30.3,57493850,2025-07-21,RUAL
31.765,32.03,32.48,31.115,50815270,2025-07-22,RUAL
32.09,31.695,32.385,31.615,26253800,2025-07-23,RUAL
31.695,31.785,31.845,31.415,11875860,2025-07-24,RUAL
31.785,30.55,31.96,30.435,29342140,2025-07-25,RUAL
30.555,30.67,30.855,30.55,2098790,2025-07-26,RUAL
30.67,30.75,30.8,30.64,870500,2025-07-27,RUAL
30.72,30.95,31.5,30.36,29262480,2025-07-28,RUAL
31.005,31.74,32.155,30.855,45910640,2025-07-29,RUAL
31.74,30.69,32.06,30.65,27084990,2025-07-30,RUAL
30.69,31.08,31.18,30.67,18193460,2025-07-31,RUAL
31.08,31.095,31.425,30.755,14888700,2025-08-01,RUAL
31.15,31.175,31.42,31.01,8301550,2025-08-04,RUAL
31.215,31.235,31.47,31.03,8767060,2025-08-05,RUAL
31.365,32.175,32.775,30.935,54078380,2025-08-06,RUAL
32.2,32.56,33.225,31.955,51275550,2025-08-07,RUAL
32.65,34.145,34.4,32.595,40487810,2025-08-08,RUAL
34.65,34.58,35.845,34.1,78517210,2025-08-11,RUAL
34.59,34.395,34.71,33.805,21926560,2025-08-12,RUAL
34.395,34.42,35.27,34.07,38152470,2025-08-13,RUAL
34.5,36.49,36.495,34.36,100495550,2025-08-14,RUAL
36.51,36.765,37.26,35.855,108634120,2025-08-15,RUAL
35.82,35.655,36.11,35.62,14705920,2025-08-16,RUAL
35.62,35.62,35.62,35.62,521360,2025-08-17,RUAL
35.3,36.635,36.955,35.115,49610880,2025-08-18,RUAL
36.765,36.165,37.0,35.945,31855870,2025-08-19,RUAL
36.165,35.84,36.47,35.2,21191650,2025-08-20,RUAL
35.84,33.695,35.965,33.52,48189110,2025-08-21,RUAL
33.795,33.495,33.8,33.0,49473590,2025-08-22,RUAL
33.495,33.515,33.625,33.475,945560,2025-08-23,RUAL
33.6,33.36,33.615,33.33,1162410,2025-08-24,RUAL
33.295,33.045,33.405,32.735,23154060,2025-08-25,RUAL
33.2,33.43,33.66,33.045,16548780,2025-08-26,RUAL
33.44,34.495,34.66,33.255,30078030,2025-08-27,RUAL
34.5,33.575,34.76,33.36,27485610,2025-08-28,RUAL
33.7,33.81,34.2,33.505,16059490,2025-08-29,RUAL
33.95,34.34,34.465,33.85,8782050,2025-08-30,RUAL
34.33,34.32,34.43,34.205,2406140,2025-08-31,RUAL
34.46,33.9,34.63,33.72,18942980,2025-09-01,RUAL
33.925,33.145,34.015,32.34,27920450,2025-09-02,RUAL
33.145,33.52,33.655,32.57,24296100,2025-09-03,RUAL
33.5,33.585,34.015,33.08,19600850,2025-09-04,RUAL
33.59,33.97,34.125,33.315,20504560,2025-09-05,RUAL
33.97,33.905,34.09,33.78,971410,2025-09-06,RUAL
33.84,33.86,33.97,33.635,1352620,2025-09-07,RUAL
33.855,34.645,34.69,33.655,23822810,2025-09-08,RUAL
302.6,309.63,311.99,302.0,41216150,2025-06-02,SBER
309.7,313.55,314.88,309.39,34937680,2025-06-03,SBER
314.0,313.23,318.29,311.17,53786160,2025-06-04,SBER
313.55,317.96,318.59,313.53,28359290,2025-06-05,SBER
318.35,313.13,325.43,312.52,102022760,2025-06-06,SBER
314.0,314.65,314.95,313.72,2022260,2025-06-07,SBER
314.66,314.35,314.88,313.61,1618500,2025-06-08,SBER
314.69,311.17,315.51,310.0,30113360,2025-06-09,SBER
311.21,308.68,313.3,307.55,27818280,2025-06-10,SBER
309.53,312.0,313.6,308.03,26275440,2025-06-11,SBER
313.28,310.2,313.39,309.53,13424610,2025-06-13,SBER
310.21,310.29,311.17,309.55,1445960,2025-06-14,SBER
310.97,310.09,311.4,309.74,1949530,2025-06-15,SBER
310.2,311.5,314.37,309.81,21327040,2025-06-16,SBER
311.61,313.56,314.93,310.5,23302090,2025-06-17,SBER
313.56,313.38,314.82,311.63,17607700,2025-06-18,SBER
313.41,312.46,316.45,312.14,30310650,2025-06-19,SBER
312.46,309.7,313.59,309.3,22045200,2025-06-20,SBER
310.9,310.17,311.44,308.04,15950290,2025-06-23,SBER
310.3,311.37,312.02,309.0,18994470,2025-06-24,SBER
311.65,313.78,314.29,311.57,20230110,2025-06-25,SBER
313.8,312.84,314.5,312.74,12976890,2025-06-26,SBER
313.03,315.18,315.5,313.0,19035650,2025-06-27,SBER
315.2,315.31,315.67,315.11,890790,2025-06-28,SBER
315.32,315.95,317.5,315.31,2641730,2025-06-29,SBER
315.95,316.15,317.7,314.6,26600320,2025-06-30,SBER
316.69,318.42,319.6,316.3,21887840,2025-07-01,SBER
318.96,319.43,319.85,317.41,20701250,2025-07-02,SBER
319.53,319.17,321.5,318.74,20286790,2025-07-03,SBER
318.85,319.44,321.41,317.5,17811390,2025-07-04,SBER
319.5,319.55,320.6,319.5,671870,2025-07-05,SBER
319.65,319.37,319.7,319.29,416040,2025-07-06,SBER
319.38,313.5,319.94,312.82,29913000,2025-07-07,SBER
313.34,309.71,315.31,309.6,25532140,2025-07-08,SBER
310.01,310.09,312.3,307.6,29871070,2025-07-09,SBER
310.77,314.01,315.07,310.5,23711960,2025-07-10,SBER
314.5,309.88,317.88,308.85,39276450,2025-07-11,SBER
310.0,310.2,311.0,310.0,873720,2025-07-12,SBER
310.5,309.44,310.91,308.8,1066040,2025-07-13,SBER
308.96,317.97,318.85,304.38,59042270,2025-07-14,SBER
318.16,319.99,320.43,316.6,40470270,2025-07-15,SBER
320.0,321.58,322.0,319.54,36861670,2025-07-16,SBER
321.26,327.05,329.23,321.19,91182020,2025-07-17,SBER
300.45,309.0,309.4,300.25,115982520,2025-07-18,SBER
309.69,312.42,313.91,309.59,9029970,2025-07-19,SBER
313.49,312.58,313.78,312.05,4921320,2025-07-20,SBER
312.99,310.4,314.56,309.31,44824260,2025-07-21,SBER
310.65,310.67,311.72,308.55,26942000,2025-07-22,SBER
311.0,313.08,314.49,310.78,37399400,2025-07-23,SBER
313.09,310.83,313.99,309.75,27841890,2025-07-24,SBER
310.86,308.93,311.76,306.0,50866870,2025-07-25,SBER
309.35,308.91,309.95,308.86,1339260,2025-07-26,SBER
308.86,308.83,309.15,308.12,1768030,2025-07-27,SBER
309.44,303.97,309.45,303.54,38627240,2025-07-28,SBER
304.77,305.26,308.26,303.05,30696940,2025-07-29,SBER
305.58,303.3,306.2,303.2,14499120,2025-07-30,SBER
303.9,304.95,305.79,302.81,19884770,2025-07-31,SBER
305.41,304.22,307.5,302.89,25320049,2025-08-01,SBER
305.3,307.95,308.12,304.5,28420639,2025-08-04,SBER
307.97,307.38,308.67,305.25,21497509,2025-08-05,SBER
307.4,310.22,312.96,303.33,59949361,2025-08-06,SBER
310.22,313.43,316.5,308.76,72089666,2025-08-07,SBER
314.68,317.97,317.98,312.6,34959877,2025-08-08,SBER
321.72,317.82,322.9,317.05,42436965,2025-08-11,SBER
318.17,318.0,318.99,316.6,18765577,2025-08-12,SBER
318.0,317.51,319.7,317.05,21127896,2025-08-13,SBER
317.6,318.73,319.2,314.81,26459276,2025-08-14,SBER
318.9,319.4,320.5,318.45,26071682,2025-08-15,SBER
316.86,315.17,316.88,310.03,10296497,2025-08-16,SBER
315.5,314.97,315.8,314.8,1902692,2025-08-17,SBER
315.01,318.38,319.89,314.3,35044641,2025-08-18,SBER
318.98,316.5,319.73,316.29,21879576,2025-08-19,SBER
316.53,314.17,317.51,313.02,18653270,2025-08-20,SBER
314.17,309.98,315.1,309.28,30815394,2025-08-21,SBER
310.11,312.05,312.49,309.75,15495808,2025-08-22,SBER
312.11,312.3,312.5,311.55,567839,2025-08-23,SBER
312.3,311.84,312.45,311.5,730827,2025-08-24,SBER
311.84,311.42,312.3,308.75,15298883,2025-08-25,SBER
311.11,311.79,314.0,310.5,11297232,2025-08-26,SBER
312.0,312.78,313.78,311.06,11692831,2025-08-27,SBER
313.03,310.82,314.5,310.12,20309447,2025-08-28,SBER
311.18,310.04,311.82,308.95,14855695,2025-08-29,SBER
309.99,309.92,310.54,309.71,780762,2025-08-30,SBER
309.92,310.99,311.24,309.92,1093718,2025-08-31,SBER
310.86,309.2,312.5,308.82,11045087,2025-09-01,SBER
309.2,308.44,310.1,307.05,17407779,2025-09-02,SBER
308.45,309.49,309.68,307.21,10482402,2025-09-03,SBER
309.6,308.74,310.8,307.5,12848837,2025-09-04,SBER
309.1,310.5,311.16,308.8,11650553,2025-09-05,SBER
310.5,310.13,310.9,310.1,654610,2025-09-06,SBER
310.13,310.69,311.0,310.13,734383,2025-09-07,SBER
310.44,312.83,313.26,310.31,16963643,2025-09-08,SBER
515.7,533.4,539.45,515.2,518851,2025-06-02,SIBN
533.35,541.0,544.45,533.35,543596,2025-06-03,SIBN
542.0,541.2,547.6,536.25,592935,2025-06-04,SIBN
541.25,546.25,552.0,540.55,556799,2025-06-05,SIBN
547.55,537.3,552.95,536.3,560255,2025-06-06,SIBN
541.35,540.05,541.35,539.35,18025,2025-06-07,SIBN
540.0,542.0,542.5,537.4,63544,2025-06-08,SIBN
541.65,526.2,545.0,522.3,891901,2025-06-09,SIBN
528.65,515.15,528.8,508.2,783229,2025-06-10,SIBN
516.95,520.55,521.3,512.65,309498,2025-06-11,SIBN
531.05,541.05,543.7,529.8,1087789,2025-06-13,SIBN
545.4,556.35,556.35,544.7,462552,2025-06-14,SIBN
556.5,547.15,556.5,542.2,734315,2025-06-15,SIBN
548.5,532.5,548.5,527.8,1109267,2025-06-16,SIBN
533.85,543.2,543.55,530.7,989354,2025-06-17,SIBN
545.5,540.6,545.85,534.75,579834,2025-06-18,SIBN
541.0,538.65,542.5,535.25,356637,2025-06-19,SIBN
538.4,532.35,538.95,530.55,299217,2025-06-20,SIBN
544.0,527.65,546.9,525.85,1164556,2025-06-23,SIBN
527.65,529.45,532.55,523.0,468781,2025-06-24,SIBN
530.05,531.65,535.4,529.7,301162,2025-06-25,SIBN
532.85,538.4,543.0,531.5,626196,2025-06-26,SIBN
538.7,540.15,542.8,535.65,659241,2025-06-27,SIBN
541.55,542.4,543.45,540.75,42162,2025-06-28,SIBN
542.4,539.95,542.75,539.5,44989,2025-06-29,SIBN
540.0,542.45,546.0,537.7,366563,2025-06-30,SIBN
542.8,539.65,548.55,538.15,809696,2025-07-01,SIBN
539.2,536.2,542.5,532.0,375524,2025-07-02,SIBN
536.0,535.05,542.35,534.9,512434,2025-07-03,SIBN
535.05,529.5,535.95,528.7,356432,2025-07-04,SIBN
531.05,530.3,531.05,529.4,34776,2025-07-05,SIBN
530.35,527.3,531.0,527.1,40402,2025-07-06,SIBN
528.0,525.45,529.8,521.3,741215,2025-07-07,SIBN
501.75,507.5,513.2,501.75,1498038,2025-07-08,SIBN
507.5,501.55,510.55,500.0,953781,2025-07-09,SIBN
501.55,499.8,504.95,495.0,709727,2025-07-10,SIBN
500.0,494.6,500.75,492.05,779473,2025-07-11,SIBN
494.55,497.15,499.2,494.05,67139,2025-07-12,SIBN
499.05,497.95,499.05,494.6,33922,2025-07-13,SIBN
492.35,503.7,507.0,485.0,1208405,2025-07-14,SIBN
503.7,502.5,506.8,501.4,289673,2025-07-15,SIBN
502.5,508.9,510.0,497.9,656785,2025-07-16,SIBN
509.3,505.0,514.85,504.1,480879,2025-07-17,SIBN
505.0,508.95,510.8,499.4,1006696,2025-07-18,SIBN
508.4,518.3,519.3,508.4,243745,2025-07-19,SIBN
520.7,521.1,521.85,518.6,123424,2025-07-20,SIBN
522.0,517.4,523.1,514.6,869695,2025-07-21,SIBN
517.95,521.4,523.0,515.25,588640,2025-07-22,SIBN
521.65,519.85,528.5,517.0,924537,2025-07-23,SIBN
520.2,519.15,523.55,517.0,567344,2025-07-24,SIBN
519.85,512.3,521.85,510.3,466775,2025-07-25,SIBN
512.8,514.35,514.95,512.55,15203,2025-07-26,SIBN
515.25,514.1,515.55,512.9,23683,2025-07-27,SIBN
515.0,505.9,515.15,503.4,686312,2025-07-28,SIBN
505.85,506.75,510.0,504.4,468036,2025-07-29,SIBN
506.85,504.25,511.45,502.05,421230,2025-07-30,SIBN
504.3,505.35,507.55,502.1,200887,2025-07-31,SIBN
505.35,506.05,510.0,503.8,215523,2025-08-01,SIBN
507.1,513.95,514.15,504.15,798541,2025-08-04,SIBN
513.95,518.55,519.75,509.05,1209671,2025-08-05,SIBN
518.4,527.1,533.4,510.25,1359732,2025-08-06,SIBN
525.9,529.3,536.9,522.0,1007684,2025-08-07,SIBN
530.0,533.55,537.45,523.0,1032227,2025-08-08,SIBN
538.4,542.3,548.9,534.45,1577019,2025-08-11,SIBN
542.35,546.45,550.0,536.4,675786,2025-08-12,SIBN
547.0,542.5,547.85,538.85,695256,2025-08-13,SIBN
542.8,548.55,548.7,540.0,775769,2025-08-14,SIBN
549.9,548.1,553.3,545.0,995544,2025-08-15,SIBN
537.65,538.35,539.4,531.4,262810,2025-08-16,SIBN
539.15,537.65,539.15,535.65,55044,2025-08-17,SIBN
537.5,551.25,555.0,533.75,832933,2025-08-18,SIBN
551.25,541.85,553.0,540.85,445907,2025-08-19,SIBN
541.05,542.9,548.7,541.05,601186,2025-08-20,SIBN
543.5,534.75,544.45,529.95,753646,2025-08-21,SIBN
534.8,537.7,540.0,532.5,300072,2025-08-22,SIBN
539.0,540.75,540.9,538.0,20813,2025-08-23,SIBN
541.25,540.0,541.25,538.0,24494,2025-08-24,SIBN
538.25,529.95,541.2,524.65,707165,2025-08-25,SIBN
529.95,529.85,535.0,526.05,302222,2025-08-26,SIBN
530.85,531.85,533.7,522.0,1298169,2025-08-27,SIBN
532.95,527.85,533.0,525.0,469123,2025-08-28,SIBN
528.0,529.25,532.3,525.0,349929,2025-08-29,SIBN
528.0,529.05,532.7,527.7,29979,2025-08-30,SIBN
528.45,530.1,530.1,527.85,23724,2025-08-31,SIBN
530.0,522.05,532.35,520.0,821135,2025-09-01,SIBN
522.2,517.7,524.1,511.0,678290,2025-09-02,SIBN
517.8,517.7,519.65,513.4,518947,2025-09-03,SIBN
518.1,520.15,522.65,517.25,256945,2025-09-04,SIBN
521.5,522.5,526.3,520.0,434409,2025-09-05,SIBN
523.15,523.0,523.2,522.0,13790,2025-09-06,SIBN
522.95,524.9,526.0,522.15,46250,2025-09-07,SIBN
524.5,534.95,539.1,523.85,914389,2025-09-08,SIBN
3126.0,3185.0,3210.4,3113.2,3211291,2025-06-02,T
3190.0,3266.0,3266.0,3189.2,2860540,2025-06-03,T
3272.6,3286.6,3334.2,3256.0,4842464,2025-06-04,T
3292.0,3299.0,3324.0,3285.6,1676368,2025-06-05,T
3302.0,3203.2,3450.0,3195.0,8672840,2025-06-06,T
3213.0,3226.8,3234.8,3205.0,233526,2025-06-07,T
3228.4,3214.0,3234.0,3208.8,198717,2025-06-08,T
3228.0,3203.8,3228.0,3164.4,2328767,2025-06-09,T
3207.0,3154.0,3221.6,3135.4,2427115,2025-06-10,T
3155.0,3165.0,3188.6,3134.2,1799069,2025-06-11,T
3180.8,3133.6,3198.4,3132.2,1012482,2025-06-13,T
3137.0,3138.2,3144.8,3135.2,100904,2025-06-14,T
3148.0,3140.4,3150.0,3131.0,174977,2025-06-15,T
3137.4,3152.0,3175.6,3118.8,1575149,2025-06-16,T
3152.8,3210.0,3218.6,3150.0,1914454,2025-06-17,T
3217.0,3194.4,3227.4,3184.2,1562584,2025-06-18,T
3196.6,3180.8,3218.4,3176.6,1540682,2025-06-19,T
3183.0,3158.0,3196.8,3150.0,1346678,2025-06-20,T
3159.6,3160.2,3189.0,3120.0,1853999,2025-06-23,T
3164.0,3193.6,3199.0,3145.0,1910525,2025-06-24,T
3196.4,3240.6,3243.8,3187.4,2248818,2025-06-25,T
3247.2,3235.6,3264.4,3222.4,1502722,2025-06-26,T
3242.8,3260.0,3260.0,3227.6,1337979,2025-06-27,T
3263.0,3270.2,3283.2,3263.0,182094,2025-06-28,T
3270.4,3272.0,3282.4,3270.2,168628,2025-06-29,T
3271.6,3268.0,3287.0,3247.0,2002727,2025-06-30,T
3268.8,3278.8,3301.2,3264.2,1858908,2025-07-01,T
3281.0,3268.2,3284.8,3255.6,1618317,2025-07-02,T
3270.8,3244.4,3279.0,3235.0,1284434,2025-07-03,T
3239.8,3217.4,3257.4,3208.2,1375886,2025-07-04,T
3218.6,3216.0,3222.0,3215.2,31050,2025-07-05,T
3215.6,3211.6,3215.6,3201.8,32761,2025-07-06,T
3215.2,3188.0,3232.8,3187.6,962407,2025-07-07,T
3189.0,3157.0,3216.8,3151.0,1703644,2025-07-08,T
3158.0,3182.4,3192.0,3155.4,1612392,2025-07-09,T
3184.8,3199.8,3213.8,3176.0,1161125,2025-07-10,T
3202.0,3119.4,3206.8,3115.2,1613832,2025-07-11,T
3124.8,3114.0,3128.6,3110.2,75449,2025-07-12,T
3116.6,3093.0,3120.8,3077.4,143180,2025-07-13,T
3079.0,3243.0,3243.6,3067.0,3678347,2025-07-14,T
3244.0,3316.8,3335.0,3228.2,2624520,2025-07-15,T
3316.6,3351.0,3364.0,3296.2,2848566,2025-07-16,T
3335.0,3281.6,3349.4,3257.0,2059527,2025-07-17,T
3283.0,3341.0,3354.6,3280.6,2474102,2025-07-18,T
3341.8,3351.8,3367.0,3337.0,292648,2025-07-19,T
3358.4,3352.6,3358.4,3348.4,120481,2025-07-20,T
3357.2,3358.0,3378.8,3351.2,1951001,2025-07-21,T
3364.2,3346.8,3367.4,3328.0,1376348,2025-07-22,T
3349.8,3335.8,3367.0,3326.6,2316112,2025-07-23,T
3338.8,3306.2,3347.6,3292.0,1584208,2025-07-24,T
3309.8,3250.0,3330.0,3235.4,2982988,2025-07-25,T
3254.0,3246.6,3257.0,3240.0,107155,2025-07-26,T
3242.4,3239.2,3242.4,3230.6,72229,2025-07-27,T
3240.4,3170.0,3266.8,3156.0,2958889,2025-07-28,T
3174.4,3167.8,3206.6,3141.2,2094357,2025-07-29,T
3171.8,3142.2,3183.8,3135.2,1869193,2025-07-30,T
3142.4,3156.6,3170.0,3141.0,1944368,2025-07-31,T
3162.8,3144.4,3183.0,3122.0,1983917,2025-08-01,T
3157.0,3214.0,3214.0,3152.8,1950882,2025-08-04,T
3217.0,3219.4,3229.8,3194.0,2399664,2025-08-05,T
3220.8,3296.4,3317.8,3202.6,3887846,2025-08-06,T
3296.0,3330.0,3393.0,3272.2,5357193,2025-08-07,T
3337.0,3367.8,3368.0,3302.0,2623475,2025-08-08,T
3383.2,3329.4,3390.0,3310.6,2984595,2025-08-11,T
3331.8,3341.2,3349.8,3300.0,1610442,2025-08-12,T
3342.0,3315.0,3345.0,3302.4,1568446,2025-08-13,T
3314.6,3343.2,3349.4,3293.6,1868896,2025-08-14,T
3345.6,3374.0,3389.6,3331.8,2322475,2025-08-15,T
3314.0,3319.0,3324.0,3272.2,478892,2025-08-16,T
3319.0,3313.6,3319.4,3308.0,87933,2025-08-17,T
3310.4,3401.0,3409.4,3304.4,3251811,2025-08-18,T
3406.2,3406.4,3454.0,3375.0,3764697,2025-08-19,T
3407.0,3410.4,3428.0,3391.0,1729749,2025-08-20,T
3410.0,3382.2,3425.6,3361.4,2925496,2025-08-21,T
3379.6,3384.8,3403.6,3372.8,1517082,2025-08-22,T
3386.0,3384.8,3387.6,3382.0,53132,2025-08-23,T
3383.0,3377.6,3383.0,3374.0,79390,2025-08-24,T
3381.0,3356.0,3384.2,3352.0,1401648,2025-08-25,T
3357.2,3377.6,3381.8,3357.2,1074456,2025-08-26,T
3379.8,3398.0,3399.8,3378.2,1167839,2025-08-27,T
3400.0,3376.0,3408.4,3360.8,1476851,2025-08-28,T
3378.2,3334.8,3386.2,3327.2,1633435,2025-08-29,T
3338.2,3329.8,3339.4,3325.4,96477,2025-08-30,T
3332.0,3336.4,3343.0,3329.6,99144,2025-08-31,T
3340.0,3342.6,3363.0,3331.4,1149265,2025-09-01,T
3347.0,3310.0,3349.0,3290.8,1716426,2025-09-02,T
3313.0,3318.0,3323.0,3297.4,1422835,2025-09-03,T
3318.0,3327.6,3336.6,3315.0,1567405,2025-09-04,T
3330.0,3331.2,3345.8,3326.2,1038647,2025-09-05,T
3331.6,3331.8,3333.6,3328.4,41565,2025-09-06,T
3333.0,3337.2,3338.8,3331.4,76696,2025-09-07,T
3338.8,3369.0,3369.8,3337.6,1328711,2025-09-08,T
91.89,93.47,94.15,91.51,42956625,2025-06-02,VTBR
93.49,95.41,95.5,93.48,42716344,2025-06-03,VTBR
95.4,95.1,96.86,94.55,63941642,2025-06-04,VTBR
95.12,95.44,96.1,95.12,24214002,2025-06-05,VTBR
95.5,93.27,98.5,92.82,97289727,2025-06-06,VTBR
93.68,93.77,94.48,93.21,3711888,2025-06-07,VTBR
93.83,93.64,93.96,93.38,2165872,2025-06-08,VTBR
93.8,94.27,94.57,93.03,38520607,2025-06-09,VTBR
94.4,93.5,95.04,93.25,29780096,2025-06-10,VTBR
93.5,93.44,94.37,93.13,29526966,2025-06-11,VTBR
96.4,98.12,98.38,95.31,75885452,2025-06-13,VTBR
98.15,98.55,98.87,98.15,5831354,2025-06-14,VTBR
98.76,99.18,99.42,98.36,12928840,2025-06-15,VTBR
99.2,96.69,99.33,96.02,74831587,2025-06-16,VTBR
96.69,97.85,98.65,96.3,50032999,2025-06-17,VTBR
98.1,97.37,98.56,96.9,39139929,2025-06-18,VTBR
97.61,97.97,98.6,97.0,64410178,2025-06-19,VTBR
98.0,101.75,102.24,97.86,183512858,2025-06-20,VTBR
102.42,104.23,104.95,101.8,131509164,2025-06-23,VTBR
104.5,106.45,106.77,104.11,106541757,2025-06-24,VTBR
106.66,107.48,107.58,105.04,77325861,2025-06-25,VTBR
107.48,106.46,107.76,106.04,64378367,2025-06-26,VTBR
106.77,106.75,107.13,106.16,46503521,2025-06-27,VTBR
106.96,107.13,107.27,106.88,4205789,2025-06-28,VTBR
107.14,107.28,107.77,107.14,8620056,2025-06-29,VTBR
107.3,106.22,107.6,105.3,92263872,2025-06-30,VTBR
106.22,104.69,107.2,102.62,182689358,2025-07-01,VTBR
105.0,102.57,105.16,101.31,158811790,2025-07-02,VTBR
102.61,99.94,103.13,99.61,107546620,2025-07-03,VTBR
99.86,99.38,100.96,98.31,105454601,2025-07-04,VTBR
99.55,99.39,99.67,99.3,3400795,2025-07-05,VTBR
99.41,100.15,100.79,99.09,10343526,2025-07-06,VTBR
100.47,96.6,100.47,96.27,107383156,2025-07-07,VTBR
96.2,94.38,97.48,94.03,166997625,2025-07-08,VTBR
94.5,94.45,95.78,92.82,127771946,2025-07-09,VTBR
93.05,93.46,95.05,93.05,167592383,2025-07-10,VTBR
71.0,72.79,74.9,70.91,307746735,2025-07-11,VTBR
72.79,73.29,74.02,72.6,15958804,2025-07-12,VTBR
73.55,72.8,73.59,72.22,11668009,2025-07-13,VTBR
72.68,74.91,75.3,71.27,146998763,2025-07-14,VTBR
75.07,78.85,78.92,74.81,153609402,2025-07-15,VTBR
79.0,79.38,80.83,78.73,140970732,2025-07-16,VTBR
79.6,78.02,80.3,77.18,100506088,2025-07-17,VTBR
78.02,81.0,81.25,78.0,80456193,2025-07-18,VTBR
81.35,82.76,82.96,81.3,29023234,2025-07-19,VTBR
83.35,82.9,83.45,82.32,18726668,2025-07-20,VTBR
82.9,82.05,83.48,81.38,83220220,2025-07-21,VTBR
82.24,82.51,82.72,81.22,44677931,2025-07-22,VTBR
82.51,82.6,83.0,82.12,57834655,2025-07-23,VTBR
82.73,82.28,83.15,81.77,51338713,2025-07-24,VTBR
82.4,83.6,84.46,81.8,141893529,2025-07-25,VTBR
83.7,83.46,83.95,83.28,6211629,2025-07-26,VTBR
83.5,83.3,83.63,82.97,5245841,2025-07-27,VTBR
83.41,79.59,83.6,78.77,217147752,2025-07-28,VTBR
79.6,78.72,80.23,77.4,146226966,2025-07-29,VTBR
78.71,78.19,79.49,77.77,52789325,2025-07-30,VTBR
77.96,77.77,81.28,75.01,323128915,2025-07-31,VTBR
78.0,76.68,78.5,76.26,81945601,2025-08-01,VTBR
76.68,76.62,76.94,75.86,54432346,2025-08-04,VTBR
76.91,78.85,78.98,75.96,140085182,2025-08-05,VTBR
78.97,79.6,80.26,77.21,130062144,2025-08-06,VTBR
79.96,79.6,80.67,78.82,124453062,2025-08-07,VTBR
79.62,80.53,80.77,79.18,84610393,2025-08-08,VTBR
81.2,79.52,81.93,79.0,108437874,2025-08-11,VTBR
79.52,79.38,80.08,78.83,37509664,2025-08-12,VTBR
79.38,78.98,80.07,78.9,33863429,2025-08-13,VTBR
78.9,80.28,80.5,78.4,51511279,2025-08-14,VTBR
80.4,80.28,80.68,79.65,40097115,2025-08-15,VTBR
79.1,79.0,79.37,78.0,16548345,2025-08-16,VTBR
79.19,78.88,79.34,78.8,4592854,2025-08-17,VTBR
79.09,80.1,80.8,78.71,48411896,2025-08-18,VTBR
80.72,79.51,81.08,79.17,38056400,2025-08-19,VTBR
79.63,77.99,79.78,77.61,40821288,2025-08-20,VTBR
78.0,76.63,78.4,76.4,45777515,2025-08-21,VTBR
76.8,76.98,77.52,76.1,28407778,2025-08-22,VTBR
77.05,77.03,77.3,77.01,1285790,2025-08-23,VTBR
77.1,76.93,77.21,76.8,1514125,2025-08-24,VTBR
76.93,76.32,77.08,75.4,38883157,2025-08-25,VTBR
76.5,76.4,77.08,75.89,24463356,2025-08-26,VTBR
76.4,76.55,76.97,76.07,25064470,2025-08-27,VTBR
76.65,75.9,76.87,75.46,31098014,2025-08-28,VTBR
76.04,75.15,76.15,74.6,43527262,2025-08-29,VTBR
75.2,75.04,75.27,74.97,2765970,2025-08-30,VTBR
75.04,75.14,75.28,75.0,4333560,2025-08-31,VTBR
75.2,74.79,76.09,74.4,40713695,2025-09-01,VTBR
74.94,74.02,74.97,73.56,44575355,2025-09-02,VTBR
74.02,75.13,75.34,73.17,45145535,2025-09-03,VTBR
75.1,75.74,75.96,74.61,49552606,2025-09-04,VTBR
75.85,75.5,76.13,74.94,40701093,2025-09-05,VTBR
75.59,75.64,75.71,75.35,1681425,2025-09-06,VTBR
75.69,75.68,75.85,75.5,2186520,2025-09-07,VTBR
75.68,75.23,76.05,74.85,31765976,2025-09-08,VTBR
